a,Confirmed,No_HH,Code,Active,Recovered,Deceased,TOT_P,P_LIT,TOT_WORK_P,Total_number_of_households_1,Total_number_of_households_2,Total_number_of_households_3,Total_number_of_households_4,Total_number_of_households_5,Total_number_of_households_6-8,Total_number_of_households_9+,percentage_within_premises,percentage_alternative_public,percentage_alternative_open,Total_households,pop_above60,Total_Households_with_None_Workers,Total_workers_in_households_with_one_workers
0,5631,113929,1,58,5479,94,870354,439654,229064,911,4036,6396,10700,14886,42727,27121,0.5088642685,0.0779100368,0.4132256947,112761,49047,9307,58374
1,7565,21909,3,73,7408,84,133487,93770,75079,1630,1483,2302,4422,3804,5378,1758,0.9038841026,0.0103961111,0.0857197863,21435,11489,1697,6085
2,2103,18338,4,4,2055,44,140802,86236,51873,689,834,983,1652,2356,6832,4866,0.9690863167,0.004447617,0.0264660663,18017,9343,1255,6370
3,2485,90261,5,30,2431,24,476835,261724,161393,1531,7435,10664,15825,18028,31443,3952,0.1866153604,0.0205000113,0.7928846284,89907,33381,7661,43710
4,3864,130401,6,7,3802,55,642415,364109,290912,2107,12777,18069,25803,26161,35702,3381,0.1433709677,0.0138387097,0.8427903226,129528,45048,9142,39185
5,3249,119583,7,2,3196,51,616435,389204,200431,2476,7394,12854,26670,27609,33057,7776,0.2209256933,0.0142995349,0.7647747717,119371,53043,8927,61704
6,4682,58392,9,28,4593,61,392232,185979,149317,546,2019,3938,6910,9473,24079,9829,0.7401309998,0.0271155404,0.2327534599,58159,26257,1982,18638
7,25903,191678,10,253,25197,453,1236829,748584,407188,2326,6626,15425,37998,41505,49622,13946,0.9794204768,0.0059600592,0.014619464,189857,97484,6558,86601
8,4578,45361,11,73,4459,46,297446,143276,100890,325,1404,2978,5509,7814,21532,3687,0.7281555643,0.0381511711,0.2336932646,44863,19705,1218,18670
9,5678,86241,12,67,5523,88,560440,293958,188420,705,2291,5461,11863,15618,31436,13867,0.6626703266,0.0235349146,0.3137947588,85972,42673,3131,35506
10,2554,44411,13,36,2479,39,266215,136500,87721,315,1361,3268,6301,8051,17679,4972,0.6109614514,0.0451283763,0.3439101724,44300,18500,1602,21020
11,4858,153640,14,53,4721,84,1078692,545532,389684,1542,5158,11464,20510,26584,48155,29574,0.5659045927,0.0739717597,0.3601236476,153230,69463,3512,40281
12,2685,73728,15,38,2593,54,424483,209085,159990,785,3173,6618,11391,13866,27713,5657,0.44865107,0.0486973108,0.5026516191,73537,30145,2050,23369
13,3427,79636,16,7,3356,64,409936,219083,151912,1782,6482,9190,14876,16753,25349,4188,0.2933095904,0.0146400407,0.6920503689,79417,29045,4011,32308
14,2130,55490,17,13,2096,21,283713,124065,87212,1019,5364,7205,9250,9868,18350,3150,0.2009371656,0.0280596244,0.77100321,55259,17283,3035,32251
15,2730,45209,18,1,2707,22,230696,107506,82974,1206,3893,5167,7971,9109,14790,2381,0.2417278792,0.0157018667,0.7425702541,45076,17326,2095,19646
16,4186,99240,19,37,4092,57,554985,322354,243672,1758,4971,8878,17980,20243,31098,8634,0.1930591479,0.0101857592,0.7967550929,98237,38512,3511,30723
17,1637,56689,20,9,1613,15,314667,150542,144767,1042,3376,5810,9500,10921,19670,4473,0.1521024967,0.0094721857,0.8384253176,56534,21633,1181,14033
18,24743,314199,21,191,24185,367,1529958,1137135,508622,6386,20036,39453,81952,71753,68820,13616,0.538123808,0.0157673766,0.4461088154,312018,143225,32436,160731
19,2826,65385,22,88,2698,40,318898,228139,92526,1280,3983,8509,16413,15386,14876,2370,0.3287326679,0.004266361,0.6670009711,65083,28683,9208,36969
20,2937,102460,23,21,2863,51,519080,323842,294035,5229,6765,10046,20811,21669,31977,5475,0.5153669635,0.0117973561,0.4728356804,102231,41570,3770,19911
21,8125,338887,24,125,7800,198,1510075,1152640,675170,15746,29154,49211,92030,71776,68294,10196,0.6547366731,0.0072709545,0.3379923723,338143,177069,34948,110227
22,1258,6674,25,7,1239,12,31564,21845,19295,1003,621,795,1105,1047,1695,429,0.7814787155,0.0138909634,0.2046303211,6596,3265,168,1504
23,4401,94807,26,11,4305,83,437903,307672,269084,6409,8723,11656,23630,18451,22985,3691,0.5843424564,0.0128211837,0.4028363598,94609,37060,2602,18214
24,9889,219145,27,61,9702,122,999777,723747,572671,11117,20457,29022,59385,42061,48770,9182,0.8272271062,0.0113639463,0.1614089475,218867,105861,9819,40855
25,2850,110332,29,46,2764,40,521173,399715,215346,4431,8047,13184,27689,24668,26829,4851,0.602585256,0.0076117376,0.3898030064,110241,60149,9580,38443
26,6676,122425,31,68,6538,70,580320,428578,298737,8513,11613,15608,30610,22556,27001,7452,0.7343720866,0.0188888799,0.2467390335,122134,46234,4856,36534
27,3375,98208,32,99,3247,29,529855,362645,280083,4217,6645,9085,19481,18894,29490,9278,0.620517046,0.0114635905,0.3680193635,97925,41909,3289,25678
28,10309,184362,33,57,9986,262,814010,612642,430926,14631,18780,25892,44780,31618,37051,8018,0.6833821984,0.0244952149,0.2921225867,183797,72544,9591,56280
29,1335,19976,34,4,1315,16,84121,60699,56273,2813,2912,2817,3672,2934,3758,629,0.6921423087,0.0153058613,0.29255183,19750,8142,498,5432
30,8108,443666,35,81,7762,265,2298323,1634719,757138,7861,21055,43883,100635,102682,126141,28955,0.600456388,0.0117390054,0.3878046066,441759,247586,34866,215894
31,4877,167989,36,74,4603,200,815168,576567,284165,5447,12347,20440,40344,36166,41775,8817,0.8329280979,0.0075664102,0.1595054918,167418,86591,13981,77465
32,20407,461635,37,204,19541,662,2193590,1622537,774472,15964,36351,60945,112642,99510,107202,21459,0.865299192,0.006087127,0.1286136811,460150,222371,38024,214307
33,7952,336994,38,40,7584,328,1586625,1199699,499822,12002,26350,44638,80977,73012,78502,14213,0.6388378314,0.0069337022,0.3542284664,336449,185155,48335,156614
34,2538,129500,39,78,2368,92,612310,438459,204329,4966,10491,17242,30689,27890,31846,5510,0.7051868091,0.008333722,0.2864794689,129297,73723,14955,58759
35,2569,118100,40,36,2422,111,600163,426033,214783,3373,7170,12956,26856,25517,31413,8468,0.8626817447,0.0086131677,0.1287050876,117717,62588,6028,52619
36,25399,716826,41,284,24130,985,3498739,2560225,1284822,25002,51806,88053,172627,157017,181920,39679,0.932688548,0.0094008691,0.0579105828,714628,323609,34769,330848
37,2784,193256,42,27,2662,95,995746,627889,359172,4014,10988,20558,42398,43424,56638,13208,0.8764197712,0.0081473424,0.1154328864,192920,115565,11429,81721
38,4568,385994,43,14,4408,146,2029074,1227511,756695,5935,20792,38362,83824,87705,112699,24850,0.7323334233,0.0119091208,0.2557574559,385190,190173,12881,164211
39,3964,120893,45,56,3833,75,617508,381285,221555,2260,6768,13162,27494,26916,34001,7592,0.8459722657,0.0078092611,0.1462184732,120616,64784,5292,53374
40,9365,273902,46,77,9075,213,1388525,844868,549986,6681,15380,29909,64112,58722,73819,17412,0.8744300562,0.0271204917,0.0984494521,272997,144467,11766,107781
41,2454,149630,47,24,2378,52,769751,423560,328512,2780,7776,15496,34500,33501,43195,9879,0.6767690499,0.0436833484,0.2795476017,149132,91408,5814,46896
42,16187,372293,48,233,15456,498,1895686,1266791,660267,7644,21213,40628,90122,81295,97179,23659,0.8556532316,0.0101454083,0.1342013601,371118,188046,18874,172465
43,14893,488898,49,121,14200,572,2490656,1684770,917856,8987,27743,53282,113079,110436,138044,28732,0.7895640877,0.0088215148,0.2016143976,486626,239324,23201,213591
44,2138,203421,50,32,2001,105,1119627,666162,380702,2729,9004,18508,40534,45450,67044,17778,0.6776475153,0.0084557342,0.3138967505,202701,112965,11331,88595
45,3477,135635,51,65,3245,167,684627,502731,233676,3762,7605,13894,32111,30243,36233,9006,0.6652791786,0.0130142864,0.321706535,135337,73902,10851,61825
46,4423,318870,53,20,4199,204,1655169,1002077,568758,6907,17039,33400,71966,70357,90990,23371,0.8276661465,0.0272521734,0.1450816801,317991,182074,16404,142971
47,2311,115798,54,36,2209,66,595527,359831,209331,2727,6578,12292,25613,24843,31700,8523,0.8352720083,0.0218479461,0.1428800456,115640,65595,5842,51165
48,20623,241173,55,171,20122,330,1055450,805438,404136,15220,24396,36024,64040,44396,43001,7984,0.8764405835,0.0913209763,0.0322384402,240524,66880,11800,123866
49,3785,67602,56,97,3567,17,330086,215126,157276,4664,5986,6484,12124,13397,19802,4101,0.4373028036,0.0104420205,0.5522551759,67513,28395,3576,16281
50,3452,88964,57,102,3263,15,391605,280556,180940,7399,8592,10683,17370,17056,21857,2808,0.531358946,0.0153092753,0.4533317787,88632,37880,7139,27596
51,2258,53542,58,33,2209,10,242285,170933,113032,4149,5066,6375,10768,10689,14232,2213,0.5285276303,0.0077768638,0.4636955059,53434,26671,3835,14646
52,4217,132714,59,105,3947,16,618931,407994,280442,11735,13297,15568,24468,25045,36001,7380,0.5579052242,0.0073336629,0.4347611129,132433,64509,9056,40877
53,28848,347001,60,485,27024,918,1696694,1259506,582768,12707,25329,41531,77983,65065,78677,21408,0.8644902386,0.0142175395,0.1212922219,344787,146601,33183,169498
54,3333,114730,62,82,3206,45,483439,345550,216490,8519,12171,17126,25002,21654,24650,2420,0.5517473239,0.0108927579,0.4373599182,114467,52020,14669,34974
55,1535,58046,63,136,1381,18,259898,179483,123638,3750,5600,7598,12246,11444,15087,1987,0.5476157472,0.0131168561,0.4392673967,57972,30140,4174,15304
56,3242,140577,64,147,2953,27,622506,436497,298211,12916,14375,17500,25736,26397,36077,6256,0.5526329018,0.0168824547,0.4304846435,140224,76341,11075,42073
57,1806,53953,65,25,1698,9,259648,177726,99566,3052,3680,5638,9934,10792,16515,2745,0.4638245855,0.0103522041,0.5258232103,53902,23443,4644,20553
58,12323,191383,66,337,11696,222,954605,696500,376181,7963,13150,21490,40369,38899,53400,11837,0.7949686812,0.0109348611,0.1940964577,190698,76801,12373,77375
59,11397,308581,67,129,11037,115,1648902,1037839,591458,7491,18265,30541,58076,62088,99492,24099,0.6927065975,0.0098216309,0.2974717716,307928,113564,9418,142030
60,13853,338104,68,261,13288,152,1890422,1178354,578121,8322,20972,32082,56204,60056,113550,34158,0.6661994689,0.0103982246,0.3234023065,336008,134096,12897,181317
61,10401,117107,69,214,10040,147,561293,405318,211479,4053,9104,14305,28779,22528,25585,5882,0.707273486,0.0184513226,0.2742751914,116521,50738,6660,54783
62,11769,224334,70,73,11552,144,1128350,818025,372139,5230,13528,22812,51168,46914,54266,14153,0.6868905326,0.0265966906,0.2865127769,222912,111310,15861,110710
63,6713,235423,71,78,6485,150,1214205,832457,389233,5490,14053,23263,53029,51948,64638,15742,0.6515824213,0.0088445541,0.3395730245,235174,111903,12001,121547
64,8789,188143,72,81,8576,132,964655,646893,336780,3540,11148,18809,43935,41371,48824,11764,0.7599099174,0.0231728459,0.2169172367,187774,90435,10290,83188
65,3836,204274,73,22,3762,52,1074304,646529,373899,3676,11442,19624,45618,46262,59344,14255,0.6337796735,0.0277643204,0.3384560061,204004,105066,9415,90088
66,11061,292084,74,108,10801,152,1505324,978013,516062,5761,17461,29082,66304,66391,81876,17676,0.7590519801,0.0192900394,0.2216579805,291414,132541,14241,135287
67,10689,235640,75,96,10441,152,1205437,786599,412318,4783,13209,23156,50265,50152,65067,13756,0.8020672632,0.0147512569,0.1831814799,235354,90267,8768,116787
68,14743,277726,76,42,14618,83,1450001,998316,523179,6555,15548,26720,61743,61552,78258,19282,0.6813037255,0.0104688161,0.3082274585,277027,129100,13587,118357
69,4866,249736,77,53,4719,94,1334152,832758,523422,4228,13046,23783,55033,55240,73299,19953,0.598686739,0.0155857749,0.3857274861,249496,122898,10387,90197
70,4711,180637,78,11,4582,118,942011,557578,369083,3026,9731,17216,41231,41504,51558,11828,0.7642849842,0.0233227708,0.2123922451,180435,86253,6586,65553
71,8041,246571,79,54,7871,116,1295189,782897,502003,4202,13126,23790,57070,54200,70339,17490,0.8965685193,0.0202650104,0.0831664703,246068,119968,8935,91302
72,17059,335608,80,21,16715,323,1743931,1114311,691621,5846,17116,32391,80345,76015,91914,21419,0.711111658,0.0191049882,0.2697833537,334444,145233,12834,125299
73,6308,311380,81,11,6154,143,1634445,1069871,623006,5367,16409,30859,75191,69554,88960,22472,0.5689189539,0.0082801186,0.4228009274,311086,150335,16567,115446
74,12232,206988,82,56,12028,148,1061204,747582,345967,4261,11498,21602,50316,46126,55628,13502,0.7292554686,0.0061103911,0.2646341403,206696,102800,14553,98386
75,5858,185334,83,13,5744,101,958405,676091,326534,3807,10084,19716,45175,40725,50636,13257,0.6736368593,0.0084023991,0.3179607415,185046,92645,12808,83849
76,6608,171712,84,15,6572,21,922088,630255,338584,2971,8947,17146,39036,35309,49530,15586,0.4426939623,0.005886367,0.5514196707,171533,95268,11546,62812
77,11366,178043,85,62,11228,76,900332,636947,337727,3879,10224,18914,42148,36171,45917,11875,0.5938460811,0.0050730807,0.4010808382,177925,86276,11600,70274
78,57902,326428,86,411,57140,351,1514432,1111116,544716,15610,33002,48505,81885,58685,66325,16630,0.8457064265,0.0154190655,0.138874508,325778,113378,15858,166932
79,46099,358919,88,280,45408,411,1809733,1272739,579229,10026,24687,42722,84281,74454,94686,22210,0.8395002634,0.020514578,0.1399851586,357654,112572,15171,198649
80,4417,171157,89,17,4373,27,1042708,599796,309563,2281,7953,11985,25760,33309,63475,23047,0.4441392051,0.0114415112,0.5444192837,170924,75682,8509,81396
81,32,736253,90,31,0,1,3656539,2707855,1188545,24268,50614,87545,172776,154623,195983,44225,0.8469427451,0.1002350575,0.0528221973,735671,247046,26098,405911
82,60,180044,91,60,0,0,887978,681517,296446,6818,12106,20501,40757,37767,46661,11280,0.9004093468,0.0738131787,0.0257774746,179850,59241,6459,100486
83,25,406125,92,25,0,0,2241624,1611588,661386,7179,19676,39568,79718,82043,129291,37585,0.9513896623,0.0423707791,0.0062395585,405651,130502,10690,232809
84,38,358937,93,38,0,0,1709346,1352998,579692,13760,29127,50278,90332,68768,82972,19148,0.9342635834,0.0499569677,0.0157794489,358630,130341,15177,191771
85,37,33208,94,37,0,0,142004,114179,59541,2391,2663,4305,8060,5672,6180,1114,0.7786078657,0.2016455488,0.0197465855,32930,7052,726,17154
86,184,119639,95,184,0,0,582320,442360,207374,4472,9000,14854,26437,22571,29033,8220,0.9079563999,0.0858823427,0.0061612574,119515,45717,5556,61305
87,122,533221,96,122,0,0,2543243,1961179,874320,18592,41785,71023,133311,107911,123973,27108,0.8993799921,0.0780862435,0.0225337644,532578,209526,24869,277756
88,42,494439,97,42,0,0,2292958,1787689,795352,21093,39474,65714,121252,92144,101534,21561,0.9099513367,0.0474769433,0.04257172,492869,144877,21587,273247
89,70,574133,98,70,0,0,2731929,2078402,924393,24533,47925,74615,130422,109643,138146,28438,0.8800806181,0.0740696595,0.0458497224,573067,170560,22615,320640
90,6706,387511,99,88,6576,42,1969168,1193343,912672,9836,27061,38326,84197,83183,106572,24702,0.8472920238,0.0066385469,0.1460694293,386174,152265,10147,107896
91,2972,336192,100,61,2899,12,1774692,1034136,835260,6235,19543,30391,75419,71451,97663,28169,0.8464504319,0.0059415394,0.1476080287,335835,128380,8272,73809
92,19045,384944,101,22,18856,167,2363937,1278801,986208,6510,19588,26627,55756,70326,139477,57686,0.5191584435,0.0031731255,0.477668431,383836,148885,11022,104640
93,4376,348984,102,8,4327,41,2039547,1149269,902829,4813,15648,24835,60723,71599,123209,46524,0.5781039928,0.0019691897,0.4199268175,348471,147677,11605,74337
94,4561,384197,103,24,4484,53,2137045,1370360,894649,6532,19200,33294,75177,80540,122785,46136,0.5358099796,0.002202448,0.4619875725,383817,179058,22437,106603
95,21693,639720,104,93,21522,78,3674179,2182476,1708542,14425,40322,52787,114385,120997,205655,80342,0.2749489993,0.005717802,0.7193331987,638661,269993,15569,138156
96,9057,425414,105,17,8920,120,2548462,1480869,1071154,8505,26036,32727,63336,78022,154757,60224,0.2027893779,0.0052855595,0.7919250626,425045,178897,11348,98588
97,1545,262503,107,17,1508,20,1458248,805849,628726,7143,20306,22939,40877,49793,94555,27046,0.1589665688,0.0028782566,0.8381551746,261943,108931,7370,60227
98,2120,254716,108,8,2086,26,1335551,741748,578068,8233,23742,24892,43727,50032,82789,20572,0.2066050625,0.0018819861,0.7915129515,254208,98960,8611,64718
99,2422,292502,109,0,2398,24,1634409,938051,684495,7163,22530,23712,47803,58045,100766,30810,0.1735727868,0.0040401748,0.8223870384,291992,115410,9080,69204
100,58602,1177096,110,840,57250,512,6626178,4300965,2464893,27696,74295,107364,225998,224361,342195,143995,0.6057287521,0.0038319091,0.3904393387,1174253,453991,44718,460514
101,9044,444816,111,66,8878,100,2677333,1652117,1006504,6964,19690,30424,72596,89223,155915,70901,0.5002209942,0.0022368654,0.4975421403,444395,207014,23982,141028
102,10063,578809,112,339,9629,95,3307743,1758624,1425882,13321,36941,46062,97478,113023,205188,71928,0.3584454594,0.0042726919,0.6372818487,577972,253277,21481,135534
103,44612,649013,113,310,44002,300,3687165,2031532,1489741,13297,39542,53251,105029,121000,224523,69936,0.3968795585,0.0067333995,0.596387042,646663,257272,22217,197363
104,2234,117171,114,89,2120,25,669919,308653,288903,3097,8393,9631,15755,19678,43972,12873,0.2333001173,0.0115874038,0.7551124789,116716,41700,3236,29820
105,5004,451629,115,22,4929,53,2603751,1188322,1202482,8560,29664,39063,61824,79235,184503,44927,0.148728382,0.0047121775,0.8465594404,451169,174686,8019,77538
106,5605,326134,116,23,5530,52,1828730,829582,896644,6650,20126,26353,45075,61833,135499,33980,0.1552367715,0.0042334818,0.8405297467,325826,135110,10237,53737
107,3751,201785,117,26,3696,29,1036346,476806,419829,6763,15992,20982,34244,39819,70076,14384,0.2680609117,0.0044892712,0.7274498171,201508,72485,9213,68139
108,10967,418157,118,65,10793,109,2037573,1085693,842327,18978,43913,44718,69808,80255,139518,31802,0.2897559861,0.0136575973,0.6965864165,417680,186849,25741,133534
109,16921,494832,119,205,16495,221,2583052,1526673,1053722,18014,42264,49429,88933,92359,147203,45729,0.4227276203,0.0122228169,0.5650495629,493884,194170,24378,164353
110,3454,266870,120,12,3406,36,1421326,749659,649161,8530,23068,26217,48978,51908,84470,24669,0.1865815412,0.0048685783,0.8085498805,266447,108436,8566,57891
111,3045,220768,121,117,2909,19,1110906,585044,526091,7534,20280,23024,41508,45812,67553,14360,0.1912201062,0.0058299367,0.8029499571,220532,80198,6104,53595
112,10143,498125,122,211,9892,40,2408523,1256126,1148165,24867,54484,55799,92863,91257,141742,32585,0.2344827866,0.0103383935,0.75517882,497428,191549,17162,127848
113,4128,243078,123,131,3955,42,1156597,619139,550831,12700,28148,27152,43009,44799,73846,15834,0.2001523496,0.0068027765,0.7930448739,242739,108852,10297,62382
114,4924,282029,124,129,4761,34,1388552,681591,641515,6440,24887,35094,54551,55428,95634,11522,0.1341639747,0.0043377675,0.8614982578,281169,108043,9453,53854
115,3910,329119,126,81,3789,40,1544338,821825,802755,16242,37161,41089,68666,61305,84548,17438,0.2077506747,0.0178312692,0.7744180561,328583,142047,10196,73188
116,19402,396501,127,461,18772,169,1951014,1298345,748811,15013,32368,43571,82625,79008,103081,24159,0.5141473047,0.0196959126,0.4661567827,395480,139754,19304,167493
117,2612,241428,128,10,2567,35,1222755,693307,552583,6693,22098,24758,45415,50418,76898,14041,0.1758398142,0.0132905572,0.8108696285,241173,98436,6814,59603
118,3598,283295,129,98,3476,24,1411129,739792,685950,9282,28152,31892,58011,55903,81326,17642,0.1664871301,0.0180611464,0.8154517236,283178,122156,6803,64651
119,11705,623531,130,362,11230,113,3068420,1582629,1365783,20576,64047,73424,120540,117257,188179,33898,0.2439438051,0.0078132965,0.7482428984,622514,245989,23005,175443
120,10006,597656,132,165,9706,135,3466382,2077108,1037344,10249,33995,51906,93215,108431,220551,70629,0.5825093043,0.0104350602,0.4070556355,595931,232994,19202,315207
121,8690,676642,133,208,8373,109,4143512,2417339,1291644,11875,36471,51215,96254,116060,261518,107994,0.6595121421,0.01145898,0.3290288779,675273,297912,21380,319206
122,4369,633197,134,42,4264,63,3682713,2135393,1088036,12247,39934,53828,92798,111220,240708,78073,0.6054900701,0.0100110049,0.384498925,631568,244431,26586,337667
123,11831,393736,135,103,11548,180,2335819,1043666,737261,7548,25173,34149,52141,64043,158241,52146,0.6624068158,0.0112850466,0.3263081377,392378,138002,13009,201320
124,5471,393736,136,53,5363,55,2335819,1043666,737261,7548,25173,34149,52141,64043,158241,52146,0.6624068158,0.0112850466,0.3263081377,392378,138002,13009,201320
125,22160,579110,138,567,21159,434,3443689,2141488,1090539,10069,30220,46649,91147,103791,206090,80779,0.7413568471,0.0158717879,0.242771365,575900,235103,25661,276176
126,2321,209916,139,13,2273,35,1303048,797970,416695,4170,10173,13918,27562,35346,80067,35854,0.6473079337,0.0099473659,0.3427447004,209549,109593,8967,90415
127,26496,546664,140,186,26208,102,3620268,2197549,1204602,8780,22682,28154,52985,78173,204877,129310,0.2212945343,0.0117970668,0.7669083989,545590,318565,50591,182068
128,25293,327090,141,124,25078,91,1648115,1122947,569109,12898,29449,40846,65967,56955,84350,25813,0.7774078501,0.0220755158,0.2005166341,326005,99949,16915,164300
129,6213,587529,142,58,6063,92,3499171,2031656,1173260,14191,33933,43390,79984,103932,226492,80754,0.442523804,0.0097412627,0.5477349333,585485,258739,21918,250867
130,11301,611371,143,52,11194,55,3673889,2092567,1174361,13980,35660,46960,82019,104339,235182,86472,0.4203373403,0.0129355686,0.5667270911,609054,256453,25051,281187
131,6796,423125,145,48,6638,110,2547184,1507746,840939,9034,23392,30658,56483,72810,159432,58974,0.3760428255,0.0146914551,0.6092657194,419901,175326,19152,179268
132,10437,710566,146,75,10191,171,4418797,2680510,1389844,12126,35682,50532,93722,115634,258683,106231,0.4634111892,0.0215920073,0.5149968035,706057,282112,31665,321473
133,3857,414266,147,15,3774,68,2498156,1521806,761521,7965,24179,32308,54596,71306,165206,56587,0.3556813467,0.0111804769,0.6331381764,411256,166906,15899,207103
134,3800,313690,148,54,3670,76,1868529,1203885,560840,7670,19256,24297,40481,52862,122392,44226,0.2316603681,0.0105532418,0.75778639,312302,151276,15919,156250
135,3994,615776,149,18,3931,45,3681896,1547477,1107343,19198,42124,49483,71164,89608,239712,99615,0.3115726857,0.0109297042,0.6774976101,613306,228628,33473,303416
136,14457,756784,150,201,14091,165,4448359,2191759,1401971,17381,47699,66579,106979,125484,284381,97719,0.6204494105,0.0132936311,0.3662569584,752360,275768,35932,379279
137,4188,362573,151,37,4072,79,2031007,1061095,618605,9361,26996,35218,53790,65318,133028,37759,0.4492876311,0.0103438736,0.5403684953,360952,142468,11736,199438
138,6919,527501,152,69,6737,113,3006538,1490930,892214,17460,41129,49628,70340,81986,190971,66687,0.3825928549,0.0100173485,0.6073897966,525718,204117,24865,284830
139,4805,801764,154,24,4700,81,4483992,2283733,1422602,28964,69186,81636,112858,132149,278902,90166,0.1826982305,0.0089474102,0.8083543593,796247,338992,34542,408625
140,5896,730442,155,83,5704,109,4092845,2221601,1318946,24637,53475,63641,93974,115615,264829,92550,0.2448862105,0.0121049045,0.743008885,727961,323262,47856,346629
141,4539,588533,156,136,4317,86,3108367,1773584,1124744,20946,44083,54007,85034,102726,202134,58561,0.2490806022,0.0089463974,0.7419730005,586375,261482,40818,246388
142,80924,860703,157,1858,77909,1157,4589838,3127260,1542806,24634,59605,91280,158994,156513,253877,77688,0.6562957776,0.0216681194,0.322036103,852187,355522,48235,420571
143,5447,619707,158,117,5221,109,3405559,1965843,1204710,22027,47037,57790,90533,107841,219117,70008,0.1832285347,0.0087604358,0.8080110295,618206,290702,37184,253834
144,4676,314144,159,15,4574,87,1885204,1092677,592267,8334,20553,26464,40019,49229,115249,48208,0.3684395045,0.0091476874,0.6224128081,313179,134450,13533,152270
145,3494,280928,160,19,3427,48,1656616,1017087,524676,7399,18880,24713,38071,46216,103765,39694,0.3063952529,0.013453494,0.6801512531,280488,128983,10946,134325
146,5744,277527,161,46,5593,105,1581810,1062003,506072,8175,18470,23209,40294,49444,101056,34685,0.3393490791,0.0088511003,0.6517998206,276312,135309,13770,131532
147,3527,248197,162,36,3444,47,1379545,930836,442023,7160,17368,22137,38295,45908,91569,25933,0.2934855256,0.0083584974,0.698155977,247896,115009,10239,122504
148,2117,329817,163,50,2031,36,1796184,1170243,628864,9635,24395,31923,53074,61892,118132,30422,0.2704531176,0.0125776619,0.7169692205,328245,162763,11391,146536
149,32717,863338,164,235,31648,834,4581268,3243022,1572232,23501,57510,90760,161359,162264,255733,70021,0.6333535489,0.0479170625,0.3187293886,854562,385103,38310,422452
150,3966,288338,165,47,3872,47,1689974,1075196,620764,8108,18352,22595,43404,52551,102078,40131,0.3991170501,0.0091463308,0.5917366191,287719,157355,9901,108977
151,10361,367779,166,99,10084,178,1998603,1304513,814914,10448,27819,32978,69717,71296,108729,37233,0.4112054045,0.0201105466,0.5686840489,365982,169167,14710,127171
152,3414,222094,167,42,3325,47,1221592,641191,503351,7680,20378,18155,33251,42652,74048,21714,0.193585401,0.0062787431,0.8001358558,221599,88441,6416,65259
153,3017,204863,168,62,2906,48,1104285,653299,443655,7811,17299,17595,31830,39087,73892,22044,0.3281716756,0.0095916166,0.6622367077,204418,105016,8879,68395
154,1575,105519,28,1,1553,21,454768,358091,241931,6218,11549,16803,27573,19977,19251,3697,0.8933071915,0.0078425401,0.0988502684,105438,62709,9467,24649
155,1471,158435,169,2,1457,12,875958,488106,349676,6219,14004,12647,23423,29572,57356,20253,0.2550374983,0.0094265755,0.7355359262,157821,80915,7265,51114
156,3840,319963,170,47,3750,43,1799410,1002937,701689,12166,26640,27123,44496,55384,116889,40039,0.2813033523,0.0088524092,0.7098442385,319528,155588,12813,106970
157,2182,168232,171,7,2160,15,991730,531072,394197,5565,12930,12840,21803,27956,62762,23602,0.1649547946,0.0063717469,0.8286734584,167898,80156,5372,47355
158,3819,472238,172,91,3661,67,2632733,1512166,1063929,14416,34068,41991,68525,83513,176529,53979,0.247394936,0.0095556011,0.7430494629,471409,224232,17597,149935
159,1235,178726,131,56,1158,21,867848,401515,481294,5456,19446,21840,35231,34515,53867,7691,0.1139256147,0.0122440268,0.8738303584,178607,61982,3174,20691
160,5374,533546,173,35,5268,71,3209141,1931559,1066601,14513,33056,36506,62623,84941,199577,103038,0.1400064389,0.0115188656,0.8484746956,530675,283734,52793,199253
161,2267,277851,174,2,2238,27,1599596,813424,639086,9311,22015,23683,35056,44677,105957,35694,0.1671424385,0.0135133668,0.8193441947,275870,121966,12144,79167
162,28989,976733,175,350,28237,402,5954391,3665727,2111907,20804,58163,68360,118881,151521,325893,154931,0.3102321176,0.0159845886,0.6737832938,966792,446556,70197,338833
163,7787,579058,176,48,7638,101,3260699,1692458,1192850,23631,47390,55909,78754,91705,197742,72586,0.1830207656,0.0109755389,0.8060036955,576604,261066,25676,231703
164,1902,368728,178,58,1800,44,2397888,1486939,787398,8025,17701,21375,38671,54820,140623,83242,0.186235962,0.0163311447,0.7974328933,367315,220722,27330,132143
165,4949,623523,179,151,4721,77,3797117,2239902,1242632,19782,38990,44428,74378,96974,231911,121462,0.1622805271,0.0121654656,0.8255540072,620832,341423,49794,240471
166,4112,603754,180,55,3983,74,3487731,1398368,1152160,19848,54608,60205,80324,90878,211072,78243,0.1574100521,0.006725719,0.8358642289,601702,257771,27597,278158
167,1353,188289,181,21,1314,18,1117361,423313,403755,6971,17824,17787,23651,26927,64039,29077,0.1204610363,0.01019455,0.8693444137,187696,80557,8746,74379
168,3629,323881,182,24,3590,15,2148665,868357,760253,11062,22200,23290,33057,40274,116044,75064,0.1501630887,0.0053023293,0.844534582,322779,158710,13987,113782
169,5049,541247,183,30,4951,68,3433919,1679994,1170552,17296,35174,40008,61929,76439,194853,109862,0.1246207248,0.0068881042,0.8684911709,539697,262960,31051,211353
170,4070,379351,184,56,3961,53,2559297,1228926,878898,11754,23357,23503,35687,46449,139753,95974,0.1270011183,0.0100829533,0.8629159285,378281,211915,24476,126110
171,5117,382212,185,65,4955,97,2464464,1393783,783688,11671,21232,24237,39549,53859,142675,86567,0.164111746,0.0112272572,0.8246609969,381089,210881,28379,145888
172,3361,256645,186,62,3255,44,1715183,954949,539469,5769,12844,14742,24834,35729,100000,64122,0.1499224926,0.010273601,0.8398039064,255993,148230,21432,93268
173,5799,426565,187,9,5699,91,2684703,1419144,994253,9181,23850,25467,49648,75440,162847,75268,0.1882257808,0.0105003308,0.8012738884,425234,205858,22296,133708
174,21334,692960,188,114,20866,354,4440895,2700328,1351629,14499,34258,42604,82855,117498,262941,140711,0.3070742602,0.0167422623,0.6761834775,689754,371451,64197,281880
175,5688,561062,189,73,5554,61,3564544,1954820,1116973,9117,26079,33962,64329,96318,224748,104073,0.1703089366,0.0121530326,0.8175380308,559293,285045,45371,222848
176,6745,468346,190,72,6578,95,3100946,1875239,876246,7466,18005,23641,46678,72558,184244,119972,0.2117385158,0.0162856248,0.7719758594,466452,281716,54640,187093
177,6011,665232,191,67,5848,96,4613913,2771917,1372032,11679,27718,33648,60499,90102,255784,180500,0.2047944479,0.0155213432,0.7796842089,663925,407198,71235,237676
178,3057,324424,192,25,2993,39,2205968,1363044,696747,4729,12661,17062,31074,46319,129170,79818,0.2738932716,0.0112083233,0.7148984051,323722,185638,28200,112319
179,7877,480268,193,125,7646,106,3239774,1963590,1019483,7886,21363,27690,51466,74415,187993,111627,0.2586559987,0.013850427,0.7274935743,478840,289628,49766,171675
180,6672,663513,194,52,6521,99,4494204,2731677,1437375,14453,32514,37350,65655,92407,249212,175397,0.1976827169,0.0175505406,0.7847667424,659921,404032,66086,231524
181,5229,546664,195,40,5099,90,3620268,2197549,1204602,8780,22682,28154,52985,78173,204877,129310,0.2212945343,0.0117970668,0.7669083989,545590,318565,50591,182068
182,4841,296804,196,56,4722,63,1952756,1174606,652543,5137,15746,18937,35149,49480,111692,58577,0.2529774225,0.0117061055,0.735316472,296326,163510,15402,106458
183,23272,560162,197,293,22526,453,3676841,2403903,1220708,8695,25178,37527,73153,93156,195585,108410,0.5452368821,0.0165034779,0.43825964,557241,289985,28340,216827
184,3435,394925,199,26,3367,42,2496970,1428683,881996,9304,26529,28534,50460,67762,139889,68341,0.261914083,0.0145591693,0.7235267477,394012,198930,17922,133132
185,5111,333174,200,95,4943,73,1862559,985708,730399,10860,28266,27373,48023,61216,116835,34345,0.241118568,0.0171266189,0.7417548131,332458,127417,11989,110022
186,2531,290683,201,43,2461,27,1774480,1055202,545984,6907,17777,21331,35582,48065,116471,44341,0.1982070684,0.0125277994,0.7892651322,289396,131500,13414,138392
187,6031,710461,203,85,5923,23,3935042,1759481,1478947,18044,66944,70446,102964,126010,249111,74546,0.1587170669,0.0103112002,0.8309717328,709084,267918,20800,261285
188,8419,981516,204,49,8319,51,5099371,2276957,1737539,20306,110085,115248,155286,176594,329859,76925,0.1823848957,0.0080666218,0.8095484825,979577,349447,34178,463742
189,1506,150144,205,28,1477,1,656246,283698,216372,6732,26938,22278,25002,24466,39484,3989,0.2041655193,0.0125261101,0.7833083707,149955,55775,6836,92132
190,4428,736322,206,84,4328,16,3423574,1436794,1114583,23067,113986,102555,125274,129240,210775,28186,0.2078782348,0.0094955142,0.7826262511,735567,249666,29246,435105
191,7689,898515,207,1,7654,34,4487379,2155338,1636938,20753,102414,108433,157322,175465,278421,58731,0.1852310327,0.0096235437,0.8051454235,896999,337297,43116,378307
192,5613,443073,208,10,5584,19,2229076,1033283,877682,7736,46159,53452,80317,89701,141160,22279,0.1083315941,0.0079491112,0.8837192947,442573,147617,11188,156671
193,7213,568142,209,27,7164,22,2811569,1195768,1069893,12500,67876,73656,97412,106781,175194,28036,0.0935943219,0.0068304673,0.8995752108,567269,168321,13593,229331
194,4312,338445,210,108,4191,13,1690400,745056,529064,12920,37799,44945,53447,55440,108403,22757,0.1038333567,0.0107324455,0.8854341979,338019,94268,16913,193516
195,9354,647777,211,41,9288,25,3264619,1332326,1143318,17045,75176,82784,107266,113962,205154,39326,0.1369942548,0.0092194165,0.8537863287,646621,191169,23524,304248
196,7218,619076,212,15,7191,12,3071029,1280190,1013566,20222,71206,83087,105287,108736,190893,37632,0.175051818,0.0121381447,0.8128100372,618489,180511,22529,327378
197,4858,401289,213,22,4819,17,2001762,834577,777546,6090,46102,52354,72963,77776,126649,19067,0.1306430657,0.0087805267,0.8605764075,400981,126425,8592,149989
198,6821,368979,214,37,6772,12,1900661,804996,649898,5742,39031,43608,64222,71272,122491,21846,0.1672867804,0.0125145297,0.8201986899,368693,125522,11326,171277
199,4217,803012,215,94,4088,35,3937385,1816634,1223640,18736,97067,102760,141310,151930,249637,44346,0.2513372037,0.0137269697,0.7349358266,802101,290876,44632,450365
200,11861,945703,216,83,11733,45,4801062,2509232,1547586,22443,104046,114417,164807,179976,297357,64817,0.2706424874,0.0121853053,0.7171722074,943653,402031,46894,500052
201,5798,413044,217,27,5756,15,2562012,1382998,728201,7841,23345,29960,49267,65861,157982,87471,0.2001887477,0.0097883228,0.7900229295,412180,211504,48081,178264
202,4773,535661,218,19,4719,35,3330464,1930175,932416,10879,31553,39746,65249,86278,203685,107489,0.2288067626,0.0108134099,0.7603798274,534612,297739,56949,241639
203,7351,631097,219,123,7169,59,3951862,2157454,1040231,13380,38867,47876,77631,101370,238266,124352,0.2143010743,0.0130504159,0.7726485098,630284,348112,67319,305151
204,5557,626087,220,51,5458,47,3495021,1926740,1060344,10568,51344,61291,101129,122845,217871,67578,0.2717308489,0.0119486079,0.7163205433,624346,285778,32611,323229
205,5275,835493,221,23,5217,35,4261566,2142880,1343400,19043,94848,100052,142305,162478,274280,57347,0.1875209472,0.0092291084,0.8032499444,834936,315819,33194,454079
206,17749,589667,222,393,16808,541,2970541,1548673,938182,13797,71413,73578,101080,112067,184650,39525,0.3131334821,0.0168693697,0.6699971482,588275,207298,25611,325315
207,3128,328823,223,26,3089,13,1666886,768028,560805,5547,39429,40886,53562,60276,109253,18748,0.2382080006,0.012526663,0.7492653364,328172,106826,10139,161123
208,9495,564711,224,103,9314,78,3037766,1573066,983528,9815,49203,63325,96431,105148,191216,48168,0.3372128115,0.0184464572,0.6443407313,563582,219507,22260,284296
209,3547,381601,225,121,3406,20,2034763,965321,771080,6776,32221,41314,65753,74513,128170,31266,0.1225089668,0.0077576293,0.8697334039,380993,157587,13486,142433
210,4230,263171,226,29,4149,52,1367765,801817,426658,4944,23445,30778,47936,52077,85773,18796,0.3881910453,0.0106995666,0.6011093881,262653,102954,12267,140220
211,3795,163355,227,165,3621,9,1000912,507270,326576,2515,10049,12890,22380,28867,62457,25272,0.3181657848,0.0138295931,0.668004622,163078,73049,7299,67345
212,2993,100701,228,0,2980,13,636342,328676,224655,1918,6427,7547,12786,16568,39065,19437,0.2893453368,0.0141014767,0.6965531866,100475,48751,5426,33534
213,8291,477529,229,50,8183,58,2877653,1519933,1045420,9824,33798,39387,68723,83371,175870,76349,0.3071377857,0.0142534095,0.6786088049,476697,232703,20661,165515
214,51719,975578,230,1122,50193,404,5838465,3459679,1881886,17629,60489,83095,153095,175456,328240,139437,0.5301433718,0.01702977,0.4528268583,971530,445861,50483,431331
215,5084,416090,231,19,5021,44,2728407,1599151,822493,8370,25259,29472,49809,63618,150381,88646,0.2718845881,0.0135024245,0.7146129875,414689,219388,31524,173325
216,4014,261660,232,17,3977,20,1706352,989807,538322,4625,15443,18203,30535,40198,96849,56545,0.2470521879,0.0119779876,0.7409698245,261132,147034,16175,100139
217,2200,250884,233,44,2146,10,1626384,920276,511163,4664,15949,17613,28232,37114,90647,50829,0.1672978355,0.0087125788,0.8239895857,250295,129267,12755,99676
218,6816,460345,234,56,6715,45,2959918,1799832,924879,8103,27143,32977,57298,75928,166881,87548,0.2822070817,0.0106366177,0.7071563006,459000,229871,20598,195081
219,7911,688425,236,72,7779,60,4391418,2297613,1664062,10388,43065,51094,86740,114166,262055,122997,0.2421879639,0.00990869,0.7479033461,686012,298392,28172,208061
220,4214,338247,237,91,4099,24,2219146,1091012,817041,5117,19722,23197,40493,54284,132750,71186,0.2229191721,0.010160087,0.7669207409,337511,159161,16203,105349
221,3154,307082,238,11,3133,10,1760405,858588,727571,5498,25310,30414,47218,55092,102930,41829,0.1483436104,0.0081059778,0.8435504118,306758,123906,9694,84145
222,4566,181740,239,21,4521,24,1125313,618881,365378,3148,11836,14459,24518,30599,65873,31213,0.2776774606,0.0097772591,0.7125452804,181454,89773,8801,73394
223,2392,118222,240,28,2352,12,700843,386351,236354,2263,8041,9825,16388,20146,43242,17898,0.2366238551,0.0098809029,0.7534952421,118133,56753,5138,46511
224,491,10062,245,4,485,2,49977,26073,28561,1194,1203,1580,1777,1529,2034,160,0.7413738525,0.0111849741,0.2474411734,9915,2803,437,3162
225,946,18159,246,23,919,4,83947,48492,42493,1439,1689,2447,3294,2768,4146,622,0.5030783298,0.0415117342,0.455409936,17794,3638,554,6726
226,304,14508,247,0,304,0,78690,38449,31710,494,1068,1626,2156,2405,5600,1261,0.3219028063,0.046201232,0.6318959617,14330,2671,477,3766
227,441,15869,249,0,439,2,83448,45278,33370,364,1162,1714,2530,2691,6174,906,0.4284151599,0.0547583811,0.516826459,15777,2843,876,4265
228,1029,21231,250,0,1026,3,112274,64746,49177,1017,1395,1944,2896,3329,7494,2399,0.771710462,0.0244700596,0.2038194784,20969,6570,900,6625
229,1142,19107,251,3,1135,4,99214,62576,40222,1215,1598,1966,2950,3186,6270,1910,0.614558785,0.0263419743,0.3590992406,18880,6022,783,6816
230,360,7324,252,0,360,0,35320,18195,17644,795,833,837,934,978,2100,709,0.6141107709,0.0171166156,0.3687726134,7291,2803,277,1939
231,1281,29521,253,4,1273,4,148226,73174,62966,1429,2130,3395,5197,5300,8962,2015,0.6896721542,0.0167440552,0.2935837906,29242,7886,716,10676
232,587,20611,254,0,585,2,111975,47974,50169,944,1418,1989,2960,3025,6681,2468,0.8692327431,0.0298691301,0.1008981268,20462,7114,721,5255
233,381,15249,255,0,380,1,83030,54057,30202,960,1225,1636,2058,2027,5450,1778,0.7421699485,0.0223338179,0.2354962336,15040,2978,754,5890
234,117,15037,256,0,117,0,92076,36606,38044,184,648,1247,1898,2213,8718,1054,0.2547299837,0.0353339181,0.7099360982,14930,2499,445,1955
235,474,11600,258,0,474,0,54080,31849,22326,926,1038,1399,1975,1848,3048,649,0.5644583295,0.0453918956,0.3901497749,11485,2439,379,4714
236,572,30005,259,1,571,0,145726,83062,60945,1667,2314,3828,5588,5666,8813,1531,0.5892134526,0.0309790186,0.3798075288,29626,6905,865,11271
237,204,4612,260,0,204,0,21167,9990,10501,389,457,552,661,673,1275,173,0.2870813397,0.0181818182,0.6947368421,4336,1259,74,1291
238,605,41978,261,1,593,2,250260,119626,147654,1076,1939,3117,4803,5834,20409,4169,0.6690449126,0.0937431978,0.2372118896,41820,12794,687,4571
239,191,42690,262,11,171,3,194622,159494,100067,2512,4144,5376,7755,8205,13619,733,0.9696060835,0.0193888154,0.0110051011,42444,16459,2029,11475
240,142,27835,263,0,139,0,140757,102881,79466,1491,2702,3343,4185,4558,12308,1746,0.7538983945,0.0444070814,0.2016945241,27687,8658,645,4605
241,39,31891,264,1,35,1,166343,128208,78412,1354,2349,3266,4549,5265,15026,1460,0.6645225285,0.0566894106,0.278788061,31769,8671,882,7365
242,6458,78605,265,40,6285,59,378811,278037,151350,3846,7781,11301,15072,13639,21726,3367,0.943517698,0.0183886775,0.0380936246,77732,16147,3847,33782
243,47,36639,266,0,47,0,163418,105893,80277,3925,5097,5665,5810,5379,10753,1262,0.7782586894,0.0741600908,0.1475812198,36580,8735,1125,8868
244,245,36742,267,0,243,1,196596,117511,98154,1266,2726,4022,5246,5870,17278,2579,0.566342627,0.1070356786,0.3266216944,36553,9316,1016,6941
245,19,11985,268,0,10,0,50484,29859,30568,1238,1739,2017,1897,1736,2674,279,0.6994818653,0.0147668394,0.2857512953,11973,2787,198,2386
246,41,14771,269,0,40,1,74004,41232,31959,793,2258,2188,2421,2421,5792,782,0.4810567397,0.0851395977,0.4338036626,14740,2910,623,2902
247,3776,54391,270,53,3664,21,267988,197489,114825,4045,5281,6521,8262,8132,16961,2934,0.7178724873,0.181026546,0.1011009667,53741,11706,2841,19324
248,504,18475,271,0,504,0,95219,62204,61390,868,1494,2134,2660,2907,7617,1011,0.7953560537,0.0230057247,0.1816382216,18346,4237,183,1897
249,487,83411,272,465,21,1,479148,264477,233622,812,4777,9295,12443,13286,36897,4538,0.7297679407,0.0453515016,0.2248805577,83082,22429,2232,12053
250,1375,25039,273,1337,32,6,140651,85006,70675,264,1483,3054,3971,4194,9422,2089,0.7061322875,0.0180577685,0.275809944,24882,8581,832,2834
251,1471,49089,274,1386,58,27,274143,195935,122655,758,4460,6270,8059,8407,17268,4694,0.8341613911,0.0074525202,0.1583860886,48853,18048,2768,12375
252,1312,46580,275,1231,58,23,237399,156333,109937,507,2685,5735,9335,9868,14808,1953,0.9231471787,0.0300505669,0.0468022543,46476,19713,883,11406
253,2311,85965,276,2248,23,40,422168,269304,195319,1181,5299,11800,19014,19059,25862,3080,0.9255993904,0.0219590832,0.0524415265,85772,30825,1747,21078
254,8797,111156,277,8644,52,101,517992,392626,213387,2009,8996,19110,27188,23700,27255,3135,0.94927868,0.0202526191,0.0304687009,110906,44890,5504,42337
255,5631,92124,278,5404,150,77,456113,324664,194848,1351,6168,13124,20286,19550,27543,3784,0.9281637366,0.0157179269,0.0561183365,91844,34676,2713,31378
256,537,35694,279,517,18,2,183998,129829,87929,1272,3745,4814,5535,5457,12397,2570,0.825621682,0.0175468008,0.1568315172,35446,12335,1327,6729
257,362,28801,280,349,4,9,144182,90302,76238,584,3362,4975,5409,5002,8534,1231,0.7926934048,0.0101385023,0.1971680929,28679,8079,717,5672
258,82,17731,281,0,82,0,86364,60191,39339,1037,1446,2351,3048,3271,5166,885,0.8593350384,0.0147640084,0.1259009533,17669,4759,169,5637
259,293,17270,282,4,289,0,83955,65895,36672,953,1521,2397,3156,3374,4932,963,0.9616096207,0.009192877,0.0291975023,17199,5257,574,6154
260,2840,82524,283,43,2789,8,400309,340595,174636,4018,7194,10677,15555,16809,22808,4851,0.9886219357,0.0048954976,0.0064825667,82305,26695,2666,29261
261,94,25520,284,0,94,0,125745,100802,60342,1463,2145,3241,4424,4852,7908,1627,0.9591582229,0.0105611847,0.0302805924,25462,8529,647,6649
262,6775,25520,248,9,6737,29,125745,100802,60342,1463,2145,3241,4424,4852,7908,1627,0.9591582229,0.0105611847,0.0302805924,25462,8529,647,6649
263,179,12622,285,0,178,1,64937,54476,32397,713,996,1480,2111,2357,3988,935,0.9790937997,0.0061208267,0.0147853736,12596,4701,166,3042
264,410,33058,286,4,406,0,161428,121122,78292,1683,2777,4010,5783,6776,9832,1756,0.8759235981,0.0081859153,0.1158904866,32855,10140,890,9876
265,329,22984,287,3,326,0,117894,62861,45566,701,1777,3075,4043,4203,7639,1456,0.6686904866,0.0687079584,0.262601555,22904,5365,499,8657
266,36,11144,288,1,35,0,56574,42233,19461,407,835,1279,1728,1989,3809,867,0.9145134689,0.031152648,0.0543338831,11127,3048,745,4940
267,11631,410565,289,27,11399,194,1725739,1361354,698178,12111,36334,92416,119992,72621,63285,6711,0.9050140035,0.0227104865,0.07227551,409253,142870,16874,195244
268,4055,208127,290,2,4027,23,876001,646810,366845,6972,18930,46045,59663,37438,33881,2354,0.8495442876,0.0297930174,0.1206626949,207554,69029,7895,89181
269,3473,84509,291,1,3453,18,378230,276217,155831,2656,7394,15688,21755,16461,17546,1597,0.6999169645,0.0271369604,0.2729460751,84159,26362,2149,36570
270,2759,152355,292,2,2734,16,693947,520402,248667,4713,13394,26582,37055,29908,35094,4185,0.8440148147,0.023427924,0.1325572613,151884,50667,8582,75882
271,1714,123352,293,2,1695,17,643291,358702,255693,3339,9362,16475,21168,20857,41203,9376,0.6060108392,0.0254311053,0.3685580555,123066,32949,4839,40432
272,339,58328,294,0,338,1,317917,192147,126073,958,3992,7301,9488,9557,20576,5485,0.8168314242,0.0279477657,0.15522081,58254,13715,2419,15502
273,198,24527,295,0,196,2,142334,82062,53069,674,1545,2579,3498,3781,8929,3202,0.6574686054,0.0482072042,0.2943241904,24435,7172,661,8350
274,175,64906,296,2,172,1,383461,230678,163345,1765,3905,6781,8599,8908,23307,10355,0.4635649167,0.0365608299,0.4998742534,64762,17028,1539,13060
275,1356,46872,297,3,1351,2,258840,155859,106473,1768,3009,5296,7004,7218,16174,5191,0.6635129216,0.0244853263,0.3120017521,46711,10858,837,13694
276,408,181081,300,43,353,12,887142,489305,341131,4612,13066,26736,40099,36026,50540,8992,0.2917293734,0.0267561129,0.6815145137,180674,54175,4629,83328
277,1723,414674,301,496,1215,12,1949258,922341,669819,18270,44048,67723,84144,74136,106940,19428,0.4332523891,0.0176131993,0.5491344116,414262,112582,12298,235014
278,658,198454,302,38,568,10,1008183,563577,362573,5075,13846,28639,42030,37705,56821,13429,0.6545900934,0.0137335797,0.3316763269,198147,57822,5716,94865
279,1121,337929,303,84,1024,13,1693622,897058,561824,8117,23690,47692,74238,68622,95730,20383,0.7194213997,0.0107246685,0.2698539318,337431,109754,12333,179413
280,638,184602,304,72,557,9,957423,539902,351148,4118,13232,25650,37965,34860,54708,14990,0.6011545738,0.0170760499,0.3817693763,184125,61855,5510,84678
281,4523,559340,305,1991,2506,26,2823768,1710716,979998,14457,43763,81779,116769,103983,160725,39381,0.7531884241,0.0135150315,0.2332965444,558123,190806,20660,281929
282,2548,392919,306,802,1727,19,1924110,1108572,770606,10246,27709,57488,86521,75945,108021,20969,0.5915807485,0.0178780509,0.3905412007,391110,130413,11544,167648
283,3006,204307,307,1847,1135,24,1042137,683486,429995,4451,11429,26384,46006,41306,59383,14313,0.5803603054,0.0157227754,0.4039169192,204073,68992,5042,77290
284,765,129869,308,317,440,8,686133,423028,316800,2272,6031,14583,27022,27785,41922,9944,0.4476338965,0.0264512693,0.5259148342,129528,42065,2355,34033
285,3370,268598,309,1529,1798,43,1327929,798322,557196,9188,20339,36547,57086,53835,76134,15254,0.8106176621,0.0195578707,0.1698244673,267943,84455,6891,98600
286,9501,276867,310,6990,2409,102,1326335,884531,560557,7689,20405,40321,65072,55815,70958,12681,0.7866938276,0.0210008756,0.1923052967,275528,89086,8808,104641
287,529,248367,311,21,473,35,1151050,813505,485717,7747,19346,40389,61257,49086,58628,10530,0.7419660462,0.0188353045,0.2391986493,247792,85055,9340,96718
288,8771,236262,312,6965,1752,54,1092256,794929,498618,7211,18085,38630,59963,45985,53066,10178,0.6667653291,0.0165752966,0.3166593742,235292,87593,8785,82057
289,3803,227197,313,2101,1656,46,1066888,721764,479928,6011,16114,36345,55653,45372,55869,9489,0.6836599912,0.0152366213,0.3011033875,226633,73676,5567,78952
290,632,177646,314,69,552,11,956313,557214,383441,4739,10667,21086,32646,33361,59266,15226,0.5476662655,0.0239334203,0.4284003141,177270,49868,3919,63389
291,237,42252,315,36,199,2,214102,140873,85028,2325,3219,5781,8187,7614,12856,2906,0.6943667226,0.040570789,0.2650624883,42111,11271,939,17689
292,6233,379955,316,4692,1498,43,1736617,1174128,608062,16072,40838,61055,76457,66319,93340,13962,0.8097993984,0.0222338151,0.1679667865,379294,121434,17573,208829
293,1204,247714,317,223,955,26,1228686,795297,399171,12064,25453,35171,43298,40825,72351,18085,0.8503803888,0.0262126537,0.1234069574,247444,86137,11511,137366
294,1632,143350,318,509,1116,7,659296,407366,214240,8648,16921,22356,26771,24404,38038,6429,0.8309151825,0.0232992261,0.1457855914,143197,42941,6830,86387
295,1303,150018,319,462,834,7,738804,434078,255806,4790,10961,23471,34496,27859,39096,9614,0.5635018332,0.0137403767,0.4227577901,149737,46493,6060,76800
296,280,97395,320,53,219,8,482162,259902,193894,2404,6847,14332,20890,19398,28026,5362,0.2873872855,0.0375903515,0.675022363,97128,29057,2818,39075
297,4593,311114,321,2484,2074,35,1517542,995319,628954,6457,17754,40617,75358,68286,79952,16918,0.592122931,0.0186119171,0.3892651519,310167,108833,10783,119941
298,50395,293112,322,34873,15370,152,1253938,1001191,490932,14335,28606,58937,81999,49826,47079,9606,0.9234059259,0.0085471851,0.068046889,291184,87066,12176,155247
299,948,155248,323,103,828,17,771639,531771,267623,3526,8612,19755,37258,34696,42345,9160,0.6668726505,0.0181265771,0.3150007724,155064,62900,6426,79321
300,687,191701,324,233,447,7,950075,572837,406756,3672,11310,24575,45221,42099,52735,11055,0.3940482622,0.0228933166,0.5830584212,191244,66241,4925,69638
301,1967,187783,325,219,1730,18,928500,487039,324843,5759,13648,28435,42950,35454,50693,11113,0.5056048327,0.0194042073,0.4749909599,187478,59837,5328,97084
302,758,168717,326,84,666,8,831668,469926,345030,3900,11411,23242,38101,35662,46769,8962,0.4387403524,0.026331919,0.5349277286,168361,53284,3542,65168
303,18185,391234,327,239,17745,201,1846823,1315585,683726,12923,32230,67886,95369,72225,85818,15838,0.6569375525,0.0454891456,0.2975733019,389441,140714,21438,176741
304,14582,868326,328,156,14267,159,3872846,2498780,1512910,27411,73578,147903,225003,181688,182939,22879,0.4974814285,0.0148409394,0.4876776321,866987,266245,23095,411603
305,6575,605674,330,99,6403,73,3007134,1489667,1075626,14723,47047,81917,126359,118682,179210,30234,0.2752452472,0.0117273961,0.7130273567,604583,188497,15881,287386
306,8135,396406,331,40,8021,74,1676276,1083685,702987,13268,38679,78130,115122,77678,65759,7585,0.3684156064,0.017750195,0.6138341986,395586,133678,13137,176738
307,12605,846991,332,120,12372,113,3988845,2086432,1537847,26008,76538,128796,193851,169987,209643,34115,0.3173619505,0.0177843893,0.6648536602,845569,254153,30524,366709
308,12204,1570759,333,205,11850,149,7103807,4055834,2589907,58934,159421,261786,396087,305744,320901,59019,0.3952629247,0.0181446605,0.5865924148,1568187,498960,86281,792165
309,9915,817899,334,184,9642,89,3502404,2158447,1331603,33178,88186,151965,223375,152278,142195,21777,0.2408463455,0.0070569799,0.7520966746,817053,256456,44539,412933
310,22346,1232282,336,275,21761,310,5167600,3480555,1842607,39958,120563,264946,367982,223354,186713,28340,0.7758861425,0.0185062215,0.205607636,1230767,483302,63992,706279
311,120744,2348683,337,1754,116544,2446,10009781,7608693,3571624,75716,243236,542351,624500,378522,357461,61781,0.8749609711,0.0401998277,0.0848392011,2343579,990680,130767,1310367
312,29230,1287423,338,308,28440,482,5519145,4078388,2152870,50510,131123,273607,353654,210236,198095,52213,0.7120733742,0.0333344362,0.2545921896,1284784,540315,65433,631047
313,11699,766902,339,215,11393,91,3596674,2232992,1466220,27014,60032,116281,207816,145767,154069,45459,0.2029075747,0.0079464543,0.789145971,766043,333366,33541,297115
314,7120,567824,340,115,6957,48,2930115,1624905,1249642,19260,42004,68614,125289,114048,151353,48686,0.1184848943,0.0093121875,0.8722029182,566919,254494,23138,176812
315,35343,1061336,341,293,34015,1035,4850029,3605206,1819845,34133,92296,213487,270747,175378,193153,49920,0.7469240531,0.0447559746,0.2083199723,1059292,426219,45250,535707
316,36802,1781221,343,317,35780,705,8161961,5531657,2964494,42807,145096,342944,469180,327724,368977,73603,0.6259179781,0.0270175464,0.3470644755,1777164,640281,63927,942409
317,20119,1301610,344,168,19644,307,5913457,4078412,2509159,40219,103669,215866,368112,239907,239237,55259,0.4614349239,0.0158357688,0.5227293073,1298644,505958,49365,509395
318,20499,1114170,345,227,19994,278,5095875,3923194,1910320,30723,86651,192185,320716,210544,206875,51851,0.8528091165,0.0314484628,0.1157424207,1112427,441315,45777,543215
319,2822,254697,346,10,2799,13,1322784,653476,571431,5076,26987,26314,40088,51059,88464,16722,0.0707392721,0.0040006282,0.9252600997,254406,105007,9063,62679
320,1422,182271,347,13,1398,11,1042886,510061,397690,3419,13593,15490,25520,34121,68464,20305,0.1011430972,0.0112209251,0.8876359777,181930,67727,6520,56704
321,3455,116155,348,10,3417,28,716259,390249,257418,2266,5762,8105,14956,21699,42911,18361,0.1649833421,0.0082149746,0.8268016833,116086,51586,4133,42600
322,3424,396521,349,3,3407,14,2445474,1253475,1036277,5534,22053,29735,53870,72742,146041,61473,0.1079811367,0.0074186099,0.8846002534,396164,166882,10000,96768
323,3650,264347,350,6,3621,23,1492073,793538,551467,4333,18370,25873,46589,49742,85691,29718,0.16426958,0.0082092534,0.8275211666,263814,111318,7613,98877
324,2101,253648,351,13,2078,10,1313551,604519,552191,6263,23752,30133,45705,48161,79584,17420,0.1049645842,0.0079635723,0.8870718435,252872,98969,6829,75745
325,1638,227023,352,3,1626,9,1150567,483263,490202,5792,21978,30506,40484,41665,70027,14065,0.1534449507,0.0056209552,0.8409340941,226574,68245,5343,65192
326,902,182317,353,0,900,2,900422,352881,404584,5517,18907,26520,34355,32530,52332,10417,0.1018673371,0.0089656547,0.8891670082,182093,48666,3986,47318
327,7703,507064,354,76,7516,111,2684487,1722204,844504,15054,33281,53844,99175,101585,153679,42561,0.3975808277,0.013512187,0.5889069853,505988,164112,21561,274195
328,6659,394918,355,41,6555,63,2062330,1273520,685368,10350,28956,41924,78314,83464,119534,28896,0.3345510656,0.0094344443,0.6560144902,393846,135883,16694,195909
329,1801,88638,356,37,1754,10,461790,259707,221332,2578,7033,9632,14782,17174,32787,7316,0.1490985959,0.0054653786,0.8454360255,88442,32874,2718,19008
330,18249,476931,357,144,17749,356,2293919,1507699,837167,16616,40985,69106,111298,90228,113503,27966,0.4992207825,0.0150116457,0.4857675718,476486,187733,20827,226887
331,3623,358754,358,23,3577,23,1939869,1024563,713175,6422,31313,35321,56610,71184,125041,29624,0.1306414638,0.0044442569,0.8649142793,358284,153806,15484,131761
332,1945,133381,359,43,1895,7,726978,350682,313379,3155,10368,12948,20177,24955,50469,10613,0.1079021743,0.0035723707,0.888525455,133172,47261,3644,31970
333,4431,304749,360,26,4368,37,1734495,1013249,654636,5811,19375,24619,46910,63450,107180,33882,0.1960016864,0.0074528512,0.7965454624,304253,123757,11846,104941
334,4516,179375,361,13,4475,28,949443,596497,312125,5756,12132,17653,33140,38414,56855,13247,0.3290857069,0.0128388178,0.6580754753,179177,58355,5551,93604
335,1392,275019,362,9,1369,14,1321442,672409,624779,8706,28365,38168,56146,52833,76605,12102,0.0984629477,0.0077933498,0.8937437025,274476,102783,7861,71451
336,1265,155275,363,9,1252,4,791042,426312,326631,3906,12645,18845,30509,27563,43706,12929,0.0979993738,0.0058093443,0.896191282,154822,62269,6608,52570
337,32019,569444,364,537,31256,226,2914253,1911433,1142867,15357,40971,65660,113820,114544,167822,38615,0.4093687196,0.0192388858,0.5713923946,567529,209154,22025,220423
338,2132,103700,365,7,2118,7,531885,284575,259984,3688,8705,12095,17529,18866,34407,7364,0.0835817406,0.0080367058,0.9083815536,103516,40665,3053,21284
339,2313,188988,366,43,2264,6,1025213,559720,487508,5786,13647,18973,28695,33927,69063,18758,0.1034953852,0.0087847963,0.8877198185,188557,84849,5224,37292
340,2043,118288,367,15,2023,5,599578,343483,288645,4170,10863,14689,20040,21214,38718,6912,0.0818740031,0.0066205856,0.9115054114,118071,52751,3304,24970
341,4822,302046,368,14,4770,38,1502338,727561,694863,12931,28601,39888,53981,52599,92481,19402,0.1179026487,0.0096971152,0.8724002361,301768,89540,8535,80768
342,3685,221232,369,7,3666,12,1065056,612993,430051,7674,20367,30816,47688,42041,57724,11684,0.2033542208,0.0094635632,0.787182216,220942,87391,7658,88599
343,10408,370308,370,95,10271,42,1481255,983783,762092,18695,58478,73362,92959,65583,59080,5234,0.1613081194,0.008744185,0.8299476956,369904,155048,16139,116263
344,7732,136061,371,92,7614,26,579505,405879,247707,6646,16582,24085,33104,24498,26277,3432,0.2613501307,0.0103696221,0.7282802472,135518,52111,6355,60047
345,9733,249597,372,176,9480,77,1041099,703691,505840,12690,32844,45909,61507,45168,45780,4931,0.2285826813,0.0135032492,0.7579140695,249023,98655,11608,82300
346,15234,479109,374,249,14810,175,2093437,1342322,873227,22086,55307,81425,110866,85932,102594,15083,0.2798815955,0.017957164,0.7021612405,477172,163449,20268,205565
347,7973,405272,375,14,7922,37,1801733,1052518,766514,14344,42078,66286,98347,80205,95174,10195,0.1510025109,0.0098714061,0.839126083,404159,143825,15936,159557
348,14059,586253,376,8,13959,92,2519738,1369397,1223534,32205,71256,97992,136689,106576,126527,16403,0.1860892915,0.0117655467,0.8021451617,584142,212535,24848,165446
349,7463,306333,378,38,7396,29,1506337,1094140,468599,7351,21650,39097,68331,65097,86164,21837,0.2010583891,0.0206734792,0.7782681317,305964,142948,20346,172172
350,9126,321934,379,10,9087,29,1440361,1089265,466890,10236,29344,49886,78649,67677,76547,15066,0.1783326461,0.0127853881,0.8088819658,321418,169040,34344,171984
351,9118,261307,380,18,9062,38,1136971,889027,403649,9703,23992,42617,69785,54793,53634,11064,0.2451729747,0.0156068798,0.7392201455,260959,135695,18597,137255
352,28921,579170,381,62,28715,144,2624470,2011469,936365,18775,53566,96445,149191,112916,111395,24543,0.3628330137,0.0157842461,0.6213827402,577885,278032,34503,302202
353,12144,407851,382,66,12052,26,1827192,1290455,552234,13248,39390,64706,96962,83683,92816,16767,0.2286810674,0.0166130156,0.754705917,407298,185250,35410,250547
354,5705,279364,383,2,5674,29,1192811,829910,435533,9130,33871,49097,72187,55467,52484,6134,0.1834967849,0.0103710888,0.8061321263,278960,122007,19692,145856
355,11283,297050,384,95,11151,37,1273821,869456,526520,10894,34752,52778,77691,55728,56830,7249,0.2414014504,0.0135272133,0.7450713364,296520,114312,17465,127246
356,6477,228315,385,16,6414,47,962789,688362,343633,6935,27065,41202,63815,45989,40150,5812,0.1896280004,0.0111487306,0.799223269,228031,113581,17504,121785
357,52958,494212,386,70,52544,344,2251673,1749936,792193,18058,44580,84648,128638,93422,96982,23308,0.4705801861,0.017533433,0.5118863809,492262,204233,27885,263320
358,14223,367269,387,125,13978,120,1698730,1291939,621676,8976,29831,58018,95123,78744,81794,16996,0.2381631582,0.0133132331,0.7485236087,366589,184966,16685,183526
359,21854,758267,388,14,21584,256,3529031,2210050,1501772,29401,71997,100085,166690,162327,187270,39124,0.2851403235,0.0149466108,0.6999130658,757121,339901,49702,265308
360,4047,128523,389,14,4000,33,577817,262537,293933,6623,14473,18351,26757,24221,32974,5419,0.1810461271,0.012242078,0.8067117949,127966,44188,6031,26519
361,5940,172022,390,3,5904,33,733110,399786,355349,9480,24120,29073,33620,29548,41443,4720,0.1114857794,0.011133462,0.8773807586,171248,63344,9386,41363
362,4746,151136,392,22,4703,21,610183,398421,286661,6877,23318,29834,35926,28000,26722,1777,0.1026604746,0.0144896165,0.8828499088,150992,64830,7398,53097
363,8746,414749,393,7,8698,41,1648997,927260,720601,18964,72385,85353,100978,75889,72258,6254,0.1507957999,0.013131797,0.8360724031,414186,175738,26239,170946
364,7492,152210,394,76,7389,27,610382,299383,305438,6701,27054,30196,35145,28716,29939,2196,0.1451668365,0.0080964319,0.8467367315,151900,64484,10847,38170
365,6341,401251,395,12,6298,31,1576869,802036,751930,19666,75066,80742,89124,68860,66964,4392,0.1171945634,0.0076751298,0.8751303068,400623,149451,19523,129088
366,8399,226144,396,11,8343,45,967911,407735,467122,13929,31430,36916,47122,40319,50421,5827,0.1482537041,0.0148209449,0.8369253509,225345,72528,11850,62323
367,5816,273423,397,2,5798,16,1220946,470379,610906,12160,39618,43812,52532,49354,67982,8205,0.0932643434,0.0158918085,0.8908438481,272663,89556,11444,59907
368,7872,337677,398,23,7833,16,1379647,568090,693406,24598,56868,56195,68441,58914,67257,5932,0.1735101492,0.0128087994,0.8136810514,336450,108548,19173,87305
369,5238,137599,399,4,5206,28,613192,244706,310666,6373,17237,21796,28031,26959,34167,2887,0.0934085122,0.0128628592,0.8937286286,136988,46445,4680,28693
370,5151,153274,400,51,5063,37,658917,397823,307071,9604,22348,23034,30622,28115,34136,4216,0.2343317442,0.0088311688,0.756837087,153044,44710,5835,52534
371,8113,526049,401,232,7791,90,2359886,1187941,1155807,26048,74481,71885,99309,99792,135326,13725,0.2511420262,0.0036710043,0.7451869696,524627,194363,18723,119128
372,3791,192570,402,113,3647,31,851669,495415,487360,9440,24667,26333,36438,36562,50726,6361,0.1424574995,0.0045872763,0.8529552242,192078,79370,5243,35190
373,68070,367962,403,753,65793,1517,1493984,951639,690167,26345,59487,57004,79603,64334,67366,7525,0.1932981994,0.0049963502,0.8017054504,367701,140219,24301,126889
374,16574,280073,404,42,16414,118,1206640,748759,521186,17260,37958,42526,58842,51818,61531,7136,0.2809893493,0.0038257342,0.7151849165,279710,81101,11101,110320
375,19450,364532,405,75,19151,224,1619707,1019634,846466,24396,48756,48976,73296,70946,94277,16849,0.1520996249,0.0040318308,0.8438685443,364095,153889,20108,84419
376,19336,80485,30,85,19044,207,381956,287620,205871,3819,6685,9924,21119,15862,18706,4338,0.7061762768,0.0095956645,0.2842280586,80412,45457,4604,16485
377,2910,600822,406,14,2871,24,2663629,1596560,1203197,36885,84460,88162,118976,114051,148587,24774,0.2780847385,0.0167658448,0.7051494167,600166,206081,31349,170771
378,5734,178446,407,13,5651,70,822526,414167,404156,9707,24344,22039,32306,34926,44988,8448,0.132084545,0.0010918883,0.8668235667,178193,58618,7873,29661
379,19472,318488,408,544,18751,177,1537133,1008379,800092,17253,31741,35324,59678,66414,84526,20599,0.2497282393,0.0163436703,0.7339280904,317901,120021,11587,61560
380,24513,701707,409,941,22972,600,3343872,2303378,1496805,34096,69172,82012,148385,145306,172192,41838,0.3297989469,0.0367041317,0.6334969214,701015,273984,30933,217320
381,55416,871225,410,1943,52714,759,4063872,2629749,1757664,42202,100127,114073,175768,172554,209786,46557,0.3101849217,0.0269363476,0.6628787307,869351,296567,39455,282165
382,8595,248561,411,84,8384,127,1032754,637963,499260,16490,38904,37513,58094,48121,50550,6832,0.1877163709,0.0017738515,0.8105097776,248376,97992,15495,67948
383,8449,170951,412,211,8116,122,799781,546833,402895,9725,17441,19469,35418,37172,40160,8893,0.2973234766,0.0213991134,0.68127741,170797,66319,6793,33622
384,6250,160937,413,22,6170,58,748941,456042,389359,7731,15922,20661,33243,32513,41924,6190,0.1974915289,0.0024338745,0.8000745967,160626,56415,4059,34437
385,7706,311538,414,131,7491,84,1413199,650863,726531,14805,39505,45757,58138,57316,81784,9502,0.2031439961,0.005198708,0.791657296,310770,90786,8336,76776
386,1931,27982,415,37,1892,2,139820,56621,71089,1210,2636,3486,4609,4928,8721,1363,0.1072978889,0.0007420324,0.8919600787,27734,6452,517,5496
387,5922,120850,416,11,5895,16,533638,191237,286595,6956,16027,18825,22171,19729,27381,2978,0.1531643683,0.0073465595,0.8394890722,120160,24194,2813,28728
388,1466,146043,418,41,1411,14,687861,328025,277455,6713,18350,18090,25892,28651,41950,5102,0.1292591262,0.0054577611,0.8652831127,145911,43483,3803,53695
389,3226,362646,419,5,3192,29,1965970,1179685,675993,12289,32412,35342,59993,70960,117005,34308,0.2085899053,0.005782357,0.7856277376,362254,140813,12884,165744
390,1495,299233,420,9,1476,10,1703005,1094917,520768,9939,22269,25527,46066,55017,101448,37990,0.2304530336,0.0070509898,0.7624959766,298752,145630,14596,150147
391,16320,383845,421,186,15915,219,2032036,1357210,685311,9400,26935,39042,73239,76641,112892,31356,0.5982381835,0.0200024357,0.3817593808,382605,150747,17398,184655
392,1885,160215,422,26,1839,20,786754,491445,321160,7451,16280,18156,32738,32027,43215,9669,0.2206962692,0.0067132183,0.7725905125,160088,65954,4567,60772
393,3620,359969,423,28,3562,30,1726050,900846,759281,18170,43110,41733,64387,70994,102584,15384,0.1461715896,0.0070602365,0.8467681739,359448,124678,10072,105639
394,1297,296116,424,14,1256,27,1445166,747940,655318,12354,33699,30580,59978,61738,84868,15997,0.1019537856,0.0037063774,0.894339837,295703,112527,9878,74622
395,2091,356297,425,24,2035,32,1762375,943033,751797,17905,40360,38067,60050,71611,118698,24194,0.1532847109,0.0052523019,0.8414629872,355668,144671,16185,101928
396,1110,228709,426,41,1065,4,1016520,552559,431998,15588,32172,29198,44272,45579,60233,6612,0.1019070934,0.0049132478,0.8931796588,228483,83432,11711,75434
397,5297,517850,427,94,5054,149,2378458,1545719,1006035,25924,64554,66019,102185,103802,129330,17541,0.2510547653,0.0170882783,0.7318569563,517072,184960,17634,188002
398,2731,297608,428,58,2590,83,1264219,747715,574595,18611,45411,42311,64924,61614,62447,5797,0.1439815353,0.004802152,0.8512163127,297248,99751,11202,98624
399,3435,478741,429,24,3369,42,2228935,1371781,911349,25510,61008,55635,90237,96254,128453,21656,0.2978842952,0.0050735975,0.6970421073,477373,187912,26780,164791
400,4070,526065,430,34,4001,35,2365106,1441757,991946,34174,78271,66018,99782,100304,140110,21714,0.2340420413,0.0115031654,0.7544547933,524725,219094,37288,176306
401,1295,145024,431,16,1262,17,644758,356672,289691,7933,20578,19472,27821,29263,35468,3894,0.1369600288,0.0031295654,0.8599104058,144812,42879,5649,44460
402,3007,179746,432,21,2949,37,826067,508834,418682,8294,21218,23744,40659,33158,40638,7955,0.2629421744,0.0328805802,0.7041772455,179481,71064,6179,40363
403,2811,286808,433,36,2740,35,1340411,834591,679723,12087,31202,37148,65757,55664,70418,12135,0.2400997148,0.0197144274,0.7401858578,286607,116138,7520,63356
404,4632,296683,434,109,4443,80,1455069,825880,690980,11435,29551,35326,61055,58343,81285,16121,0.3284126421,0.0186479073,0.6529394506,296193,114662,8904,69663
405,4892,391438,435,120,4668,104,1986864,1240990,897442,13314,33412,42482,82938,78006,106544,27582,0.4301677431,0.0253904725,0.5444417843,390724,176788,11690,109731
406,1770,300025,436,34,1714,22,1512681,894612,717871,11130,29066,32033,60914,59630,86441,19052,0.2312533108,0.0119624764,0.7567842127,299785,142812,7765,67834
407,2901,308871,437,54,2820,27,1563715,925369,742676,9614,27019,33382,65024,62333,86599,20771,0.3704609145,0.0071371849,0.6224019006,308418,126201,7702,74830
408,4045,425914,438,36,3951,58,2185793,1077338,1027974,13730,36576,43219,82711,83514,129512,30551,0.3007196061,0.0102212175,0.6890591763,424600,139035,9523,94660
409,57135,649540,439,1193,55021,921,3276697,2309130,1268195,17845,46409,77386,146797,123675,154066,49156,0.7810928699,0.0300600974,0.1888470327,647228,257086,23807,265081
410,5353,367988,440,85,5166,102,1873046,986234,894119,14015,34449,37935,70213,73330,111262,25374,0.2244133581,0.0129576789,0.762628963,367048,135225,11907,73291
411,2870,243277,441,67,2775,28,1385881,549926,653897,5580,17742,20963,36524,45230,89149,27873,0.1891665055,0.0141157981,0.7967176964,242672,81446,5190,39668
412,2385,345297,442,68,2253,64,1545814,804245,745603,16163,49655,46504,71223,64538,83043,10722,0.1593193466,0.0051806651,0.8354999883,344958,151777,13073,80718
413,3578,299676,443,32,3475,71,1458875,862918,550402,12975,32112,34981,54230,60256,89879,12986,0.2471429196,0.0060756038,0.7467814766,299258,119669,10244,128936
414,41767,501805,444,1441,39726,600,2371061,1660690,867457,17604,45793,67348,115462,99298,120466,21779,0.7224008201,0.0251686315,0.2524305484,498632,174629,24000,242097
415,2772,257311,445,35,2689,48,1311332,780362,586087,7906,23527,25917,48175,52905,78612,14544,0.3188929432,0.0057793359,0.6753277209,256697,110454,7544,66822
416,2446,278895,446,20,2380,46,1331597,820220,517838,10525,30003,33397,53625,56751,79383,10526,0.3014623828,0.0052514496,0.6932861675,278438,102391,8475,117980
417,3505,329832,447,197,3235,73,1575362,939769,786980,11870,30101,37702,70160,70169,92643,14429,0.2482312871,0.003042125,0.7487265879,329115,129214,11076,75730
418,2108,113379,448,28,2045,35,570465,352550,230979,3691,9767,12137,21669,23004,33489,7224,0.4664402015,0.0120290861,0.5215307125,112984,45415,4119,39799
419,3791,257199,449,41,3689,61,1241350,810644,478082,9942,23157,29245,53582,55128,69820,11688,0.4833229069,0.0095738868,0.5071032063,256693,103023,10689,108138
420,2229,289551,450,21,2191,17,1292042,790773,543874,15764,37252,37518,59446,61467,70214,7365,0.1943769765,0.0049684111,0.8006546124,288636,98340,12992,101905
421,16083,539060,451,347,15486,250,2463289,1756468,1005624,19774,53407,70777,126486,112003,112904,19678,0.5568657299,0.0265810275,0.4165532426,536243,200264,27077,216818
422,3491,250286,452,10,3451,30,1091854,718785,477818,10865,32037,34806,63148,50252,50216,6292,0.3515039416,0.0079922138,0.6405038447,249721,99571,9863,90766
423,974,169630,453,14,959,1,704524,378714,389925,10701,25867,25416,37087,33957,33585,2386,0.0588465021,0.0078462003,0.9333072977,169222,53987,5150,29282
424,1215,250146,454,6,1199,10,1054905,604962,559649,14377,33344,36738,57935,52517,50642,3634,0.1333014965,0.0050042739,0.8616942296,249218,82963,8386,49852
425,2800,443361,455,53,2702,45,2090922,1294198,957984,18466,40823,50272,96510,97427,117941,16950,0.2552550361,0.0118137088,0.7329312551,442761,171744,16505,126458
426,1564,314767,456,31,1523,10,1379131,864194,684434,16619,37988,40885,71513,68455,71679,6135,0.2179146689,0.0042805978,0.7778047332,314421,105995,12001,74026
427,3126,391836,457,32,3080,14,1701698,1147623,893014,20627,45725,54919,91010,84346,89463,8220,0.1864573559,0.0025766529,0.8109659912,391305,140233,12893,79374
428,1537,244401,458,43,1468,26,1241519,653980,514897,7399,25762,25661,44051,49353,75408,13799,0.1984111534,0.0069336006,0.794655246,243881,91482,6077,80819
429,1126,172680,459,14,1095,17,845071,469109,315270,7008,19576,19389,32336,34220,49792,8383,0.1536402193,0.005073109,0.8412866717,172380,65015,4977,76020
430,2970,251452,460,53,2887,30,1066063,604194,493057,16234,40531,37475,48798,46165,53730,5850,0.1752129366,0.0061137618,0.8186733016,250223,78387,11528,74945
431,2085,170715,461,19,2052,14,749237,436595,346471,10691,22868,23690,34331,32761,39257,5221,0.1766862735,0.007688708,0.8156250185,170256,53524,6302,56251
432,1994,238448,462,25,1956,13,1127033,600785,461760,13560,31770,27536,39560,42658,70332,13058,0.0747796405,0.0072628463,0.9179575132,237389,85786,14501,79048
433,1901,243925,463,24,1851,26,1178273,585054,499439,11340,31549,27388,39080,43517,71645,12667,0.1130505173,0.0089592134,0.8779902692,242911,73818,9429,71417
434,2480,194157,464,41,2412,27,1025048,352081,515121,3384,13785,18527,32178,37827,80303,21617,0.1170064685,0.0056015528,0.8773919787,193587,58639,4511,24788
435,1283,123800,465,14,1254,15,728999,209754,366797,1627,5606,7875,14579,20531,57090,24439,0.1051940462,0.0050323727,0.8897735812,123280,38901,2058,14695
436,2314,266655,466,25,2226,63,1310061,731615,612976,11551,26610,29825,50958,55389,77118,14206,0.2693096738,0.0153054503,0.715384876,266217,102255,9726,62025
437,862,146341,467,7,828,27,757847,408679,328339,4958,12399,15902,27594,28941,43386,10974,0.3511036808,0.0641189284,0.5847773908,146204,54894,4375,42501
438,4675,560411,469,-54,4691,38,3120506,1704923,1248600,12201,33643,47925,96516,116071,207431,47341,0.2602293951,0.0065421793,0.7332284256,559953,198180,13100,185110
439,4221,267633,470,17,4151,53,1343734,837913,554830,10572,24509,28077,51706,55550,83195,15565,0.4605831172,0.0167883971,0.5226284857,267351,111518,12958,93537
440,2941,481414,472,69,2859,13,2428589,1578734,1084878,17669,39155,49284,98430,99728,145124,29107,0.38157606,0.0127587007,0.6056652393,480682,202606,19209,133078
441,8452,289990,473,59,8286,107,1391753,1030494,534976,11995,25521,35462,69002,59070,71905,14245,0.5959818942,0.0148781337,0.3891399721,289389,109713,13453,128051
442,60149,1510134,474,2171,55694,2284,7214225,5435760,2594952,50790,131943,210889,375703,294359,349856,81116,0.8303281825,0.0365267995,0.133145018,1507594,575973,67616,737208
443,3518,343213,475,63,3442,13,1756268,1093626,723500,13171,33356,32661,64199,69867,105628,23455,0.3526963197,0.02290141,0.6244022703,342730,147654,18406,118669
444,21708,786586,476,717,20793,198,3804558,2725056,1479050,24044,70528,100983,189220,156491,199955,41410,0.6942505472,0.0283390257,0.2774104271,785783,336530,32842,342689
445,10425,430941,477,94,10296,35,2160119,1396534,847440,13674,39434,50008,90161,84991,117869,28199,0.5722846989,0.0302378304,0.3974774707,429981,189442,18519,181962
446,720,124556,478,4,712,4,585449,393678,231169,5244,12192,15729,29784,25660,30207,5953,0.5793666696,0.0335820596,0.3870512707,124430,55549,7889,51671
447,5202,527326,479,64,5105,33,2743082,1842818,1123709,15483,42703,55458,112463,108938,151329,40300,0.5956815791,0.0200104809,0.38430794,526380,242555,19744,188098
448,3857,294837,480,45,3779,33,1514190,995459,657139,9403,31254,27345,51661,59076,94707,20625,0.5884463276,0.0152888248,0.3962648476,294462,158880,10983,95753
449,5994,538605,481,58,5868,68,2880365,1887255,1150632,16604,48849,48541,93364,111190,177277,46639,0.5386716907,0.0228605032,0.4384678062,538203,237008,23033,199974
450,2447,427605,482,55,2375,17,2092745,1551253,844794,18243,39860,52344,94775,84504,110412,27026,0.53977161,0.0127492017,0.4474791883,427117,182172,18375,163875
451,3149,466856,483,50,3083,16,2299885,1660243,933983,19249,42567,52793,99926,91976,127957,27666,0.373482583,0.0128382677,0.6136791493,466114,193381,20221,175622
452,27069,877106,486,1015,25814,240,4165626,2893080,1693473,35169,87480,124359,212808,165191,206020,49094,0.6174991848,0.0151229206,0.3673778946,875975,355170,40984,363328
453,2042,122174,487,37,2004,1,590297,370336,294795,5372,13957,13858,23725,24833,34560,5734,0.2230680356,0.0129876515,0.7639443129,121713,47430,3457,28621
454,4064,333483,488,54,3992,18,1551019,1118276,627124,15944,34619,45366,78625,66919,76472,17153,0.611591236,0.0143092468,0.3740995172,332730,123814,15270,142682
455,1620,295131,490,3,1609,8,1329672,1001909,591834,13415,29950,41648,78432,57528,61357,11846,0.5715965952,0.028754895,0.3996485097,294752,130054,14340,104520
456,1393,364403,491,14,1370,9,1705678,1170657,743245,15275,35681,51136,88946,68650,84074,18166,0.4720856082,0.0390270993,0.4888872925,363817,126331,12174,137099
457,51690,1333200,492,626,50089,975,6081322,4571410,2553542,48229,126211,193437,340984,254274,276610,59925,0.8492671217,0.0354651565,0.1152677218,1331784,329322,27973,611435
458,1067,177091,493,5,1055,7,807022,490036,450902,6229,20345,21094,43948,34494,43995,5612,0.2813671984,0.0135558882,0.7050769134,176567,70473,3593,33431
459,312,10580,494,3,309,0,52074,38058,15750,858,1068,1171,1739,2017,3079,757,0.5877069885,0.2240621199,0.1882308916,10572,3875,1325,5350
460,1412,50376,495,4,1383,1,191173,150348,105521,3397,8211,10433,12523,7442,6389,1297,0.824096434,0.0892296547,0.0866739113,50328,7470,1170,20955
461,1652,76458,496,4,1642,1,343709,223230,157161,4312,9524,11879,15845,11930,16210,3363,0.5474590422,0.0525847556,0.3999562022,76337,13877,1555,31148
462,9304,323521,497,618,8496,189,1648295,906509,792065,9605,32683,35991,64261,62790,93252,21041,0.2865062902,0.0593762026,0.6541175072,321687,128152,9426,66831
463,15973,408874,498,211,15415,344,2050862,1293916,936370,13980,34096,41877,90252,85597,112622,30276,0.3122339124,0.2155517494,0.4722143381,407268,195098,18213,113239
464,57088,903643,499,523,55076,1469,4229917,2891882,1863571,38031,86964,110671,216606,185410,207987,45988,0.3554831062,0.1762292002,0.4682876936,901152,436615,45880,294509
465,14485,561504,500,615,13631,233,2586258,1879874,1219641,21975,58072,70149,134349,117382,127921,23183,0.3526710076,0.0267670348,0.6205619576,560887,276385,24095,150198
466,11364,395690,501,316,10681,362,1813906,1411281,768154,13577,40804,52202,97428,84591,86078,16455,0.4609942859,0.0426272259,0.4963784882,394967,181703,16545,147117
467,7097,259464,502,156,6787,152,1197160,869917,569792,8898,27564,31483,63577,56598,59947,9825,0.3378158299,0.0168907915,0.6452933786,259092,124853,9623,66574
468,21249,647451,503,466,20390,391,2888445,2251875,1236322,23825,68468,90409,172071,136507,124902,21264,0.5365646659,0.0417949128,0.4216404213,646194,320029,27522,242849
469,10322,309846,504,276,9745,288,1300774,1019458,608235,13479,33834,45226,91911,64480,47580,6170,0.5671996828,0.0309039249,0.4018963922,309392,157934,13389,103788
470,132801,1041544,505,4200,125252,3313,4653570,3673808,1868560,36059,91544,149225,286874,211781,182251,38074,0.7566920531,0.0234754089,0.219832538,1037378,436706,44574,460170
471,13356,278076,506,301,12756,297,1200334,899860,597305,11857,27093,38939,79510,61879,50895,5600,0.6117603971,0.0145518234,0.3736877794,277618,123881,10242,70249
472,14229,292369,507,182,13867,174,1322507,1004243,665419,11264,26599,36760,76317,65466,64380,8645,0.5244496961,0.0104066254,0.4651436785,291541,125321,9308,67377
473,8785,250435,508,118,8568,93,1072942,708365,584237,12659,30381,35482,65625,49511,46102,5985,0.2695477019,0.0115689027,0.7188833954,248602,93397,7373,57040
474,23943,536686,509,299,23233,409,2204307,1578615,1058172,25793,63808,81791,162114,108425,78830,8851,0.4332813456,0.0231660159,0.5435526385,534967,215667,20378,178942
475,14887,646886,510,442,14020,421,2772348,2022574,1355999,27030,78034,92410,174490,136905,117638,13878,0.309897952,0.0287249077,0.6613771403,645538,275510,21230,187843
476,22012,665434,511,409,20927,671,3361292,2189425,1493953,15073,55602,73125,145062,146906,179714,40821,0.3308883244,0.0129970456,0.65611463,663674,320386,19719,185931
477,4347,228868,512,112,4138,97,1177345,790743,569182,5715,18442,22066,48484,49765,66399,16170,0.3235538956,0.0118480803,0.6645980241,228471,124277,6450,48902
478,7844,361130,513,156,7385,292,1836086,1157814,822797,9159,32003,37244,74180,77586,106170,23844,0.2882371886,0.0111581239,0.7006046876,360103,193115,12221,95297
479,13152,391701,514,202,12596,353,1959046,1195523,930886,12310,35091,40200,82627,82839,109422,25627,0.3654603263,0.0174432386,0.6170964351,390861,215078,13356,88032
480,5415,391898,235,61,5338,16,2540073,1466002,837770,6645,23974,27722,47730,62063,143408,75580,0.217835721,0.0112910142,0.7708732648,390884,196617,19456,146798
481,48952,751915,515,481,47229,1227,3701282,2503837,1575079,22399,63485,88118,174101,153774,186833,47877,0.4892972588,0.0170136046,0.4936891365,749484,338587,26511,261687
482,119524,1222887,516,1228,116325,1970,6107187,4345366,2763328,35768,96688,140025,279902,242568,298134,87208,0.4675652571,0.1483233401,0.3841114028,1219537,513310,44607,386559
483,265357,2529165,517,8688,250898,5710,11060148,8227161,4492767,96076,254251,435279,657707,442943,451745,92615,0.6697261106,0.1876121115,0.1426617779,2522583,726778,105681,1195818
484,0,2105604,518,0,0,0,9356962,7575485,3735021,90530,212099,350525,528485,369559,388001,88544,0.5467275685,0.4291579357,0.0241144958,2098683,764714,111161,983630
485,304126,674339,519,6656,285307,11268,3085411,2509022,1284396,36524,69186,102012,153428,113720,128284,34584,0.6698801075,0.3154743798,0.0146455127,669121,296844,45106,302435
486,22206,611790,520,61,21845,300,2634200,1939994,1072969,32108,68582,94793,157065,110939,109995,23032,0.6200307118,0.1981747285,0.1817945597,609977,244524,39973,271545
487,383428,2151503,521,13807,361705,7878,9429408,7171723,4048993,96584,236257,352685,568235,365111,364149,93586,0.7377255302,0.1252966979,0.1369777719,2144764,853432,109201,906995
488,70922,930024,522,1015,68832,1074,4543159,3151890,2204590,33434,82081,96430,217812,180934,226142,64915,0.4612175464,0.0519136167,0.486868837,927725,509817,36332,227289
489,24023,481572,524,547,22784,688,2454196,1650672,1046857,11663,37583,47525,103991,106069,134259,33059,0.3764175396,0.0107329131,0.6128495473,480564,294265,18034,145316
490,17325,351281,525,304,16466,552,1657576,1137810,773916,14578,36802,38462,78207,73795,87928,18988,0.276941163,0.0341208854,0.6889379516,350751,226843,17584,96555
491,55365,873167,526,967,52570,1810,4317756,2910676,1898395,34195,77570,92587,198967,177683,215367,62612,0.4134049531,0.103705437,0.4828896099,871393,471419,40230,262003
492,55756,653735,527,755,53194,1797,3003741,2225694,1354947,34375,67378,83191,157231,119185,137863,40776,0.7113057989,0.1565564946,0.1321377065,652480,394130,38081,207232
493,11408,397115,528,165,10853,388,1615069,1199392,714076,37275,60252,61760,84254,66461,68615,14762,0.6943990401,0.1659087038,0.1396922561,396555,242855,51035,131019
494,6281,209839,529,276,5836,168,849651,666067,347178,19204,29971,32456,46485,35206,34018,7779,0.7590520625,0.0998347301,0.1411132075,209551,136437,30217,79784
495,49007,840240,530,163,47171,1670,3876001,2825845,1704054,31720,74454,117330,228697,155987,166043,47252,0.7452302726,0.1827414566,0.0720282708,839157,450197,35908,290693
496,50654,598386,531,489,48384,1778,2822143,2049467,1215104,26079,56682,76036,143725,111917,131446,39342,0.6494437201,0.1180618803,0.2324943996,597192,353322,30737,204359
497,2830,649849,532,2815,15,0,2741239,1483347,1323667,27018,80780,103066,182282,132039,114585,12000,0.2931279439,0.0225601056,0.6843119505,648072,231846,33606,185078
498,8073,593234,533,8043,30,0,2551335,1389810,1261076,23207,67384,94217,163189,122189,107972,12575,0.4156243176,0.0114078611,0.5729678213,591744,250067,29411,136659
499,13658,976022,534,13642,16,0,3776269,2206829,1876768,55169,146503,166249,306232,176730,120450,9406,0.4617589389,0.0096009234,0.5286401377,973581,427759,71467,259124
500,3637,668626,535,3633,4,0,3033288,1637137,1442203,19664,65211,96457,178179,144437,140018,22798,0.4406926589,0.0144368922,0.5448704489,667450,298482,29593,173858
501,79389,849051,536,79061,305,23,3943323,2892155,1413297,20495,90415,135609,236179,174472,181806,42536,0.9848827923,0.0061247039,0.0089925038,842875,264748,58272,434813
502,24136,1235341,537,24117,17,2,5296741,3538028,2196078,30005,139283,221294,400555,243312,195938,33327,0.8136801523,0.0087780938,0.1775417539,1227868,377179,55597,548337
503,4964,869451,538,4956,8,0,4053028,1940646,2082501,25689,79590,120964,225428,195006,191259,35923,0.2643618707,0.024827804,0.7108103252,867267,355622,28018,164302
504,12288,875939,539,12276,12,0,3488809,2001019,1741693,45165,120169,144858,270974,163054,119437,11775,0.4063136828,0.0087545349,0.5849317823,874267,386659,56595,214234
505,19737,886279,540,19691,46,0,3512576,2065023,1705655,43692,124347,144960,285338,162772,117016,10428,0.4373211277,0.0093511586,0.5533277137,884160,393830,56366,243245
506,10534,754034,541,10531,3,0,2797370,1630234,1410062,39441,120442,144836,254089,114041,69643,5094,0.4822602349,0.009867761,0.507872004,752371,273189,45417,229934
507,46078,681330,542,45,45686,347,2703114,1495381,1290288,42847,86481,118149,224481,121821,85869,9675,0.2123619841,0.0133507804,0.7742872354,680169,302527,52301,210044
508,41115,587149,543,37,40840,238,2344474,1238388,1157962,30854,74473,104907,192867,105612,80085,7807,0.2200601738,0.0144216022,0.765518224,586017,243947,36718,172508
509,59578,1097042,544,137,58882,559,4290589,2568249,1889879,54096,144655,214294,380992,191152,129455,11522,0.5129989717,0.0387260848,0.4482749435,1093529,373790,66583,476554
510,124097,1428528,545,201,123260,636,5154296,3288577,2093681,95856,239150,275218,468704,208570,112434,7478,0.5685393737,0.0686651367,0.3627954896,1426836,522279,134049,732696
511,94117,1091525,546,58,93520,539,3936966,2652389,1773112,70587,193110,211052,363280,150277,82492,4982,0.6459099444,0.0679135139,0.2861765417,1090043,430801,92655,467933
512,48395,1243293,547,259,47460,676,4517398,3009718,2048880,81004,218150,235751,417156,171961,95350,7885,0.7035339786,0.010072055,0.2863939664,1240288,461256,97527,520570
513,75338,1296609,548,248,74421,669,4887813,2960441,2381624,83026,212589,229537,413160,200288,139120,10111,0.5923486855,0.0090842665,0.398567048,1293871,514378,89514,435854
514,62132,860463,549,74,61478,580,3397448,1904435,1700567,51012,130198,144923,251635,151457,115932,12119,0.3748291099,0.0107526631,0.614418227,859237,363966,53122,251305
515,62269,776854,550,131,61632,506,2963557,1832189,1314561,50886,124620,145951,243234,121799,79487,6648,0.3961753762,0.0086342016,0.5951904223,775198,294129,57774,313985
516,55197,706204,551,192,54543,462,2882469,1716766,1320404,35964,93139,119726,201211,134822,106666,11608,0.4476033086,0.0260831475,0.5263135439,705274,296877,39919,246789
517,60751,887652,552,58,60206,487,4053463,2127161,2029425,29425,86663,120568,238908,188029,181675,31914,0.4027545025,0.0984949532,0.4987505444,885385,325213,30753,225463
518,67570,968160,553,54,66919,597,4081148,2310960,2036166,36633,106460,156107,291388,196768,153243,20566,0.3682489479,0.0272232135,0.6045278386,966236,416629,44078,264712
519,86886,1039953,554,143,85897,846,4174064,2667878,1933357,55151,132169,175853,311451,190750,142837,13905,0.3741033307,0.0111288738,0.6147677954,1038262,450844,67764,369026
520,13747,361149,556,26,13585,136,1889752,1113412,818081,14665,27809,40032,70342,73167,95192,34170,0.1880059768,0.1002259572,0.711768066,360511,168617,14721,109986
521,4008,408806,557,17,3963,28,2177331,1248268,927722,12850,28819,40215,76206,86529,121864,38593,0.1809536976,0.0849420849,0.7341042175,407827,197910,19140,120904
522,7358,319937,558,37,7145,172,1703300,1042673,702608,8519,21648,28370,53752,68608,107588,25036,0.2322172996,0.0306359064,0.737146794,319254,173452,13512,100754
523,14253,363853,559,41,14054,158,1928812,979769,903413,11501,27037,39557,67172,71533,109289,33248,0.2068420452,0.0850816921,0.7080762627,362720,139116,11104,93882
524,67780,669375,600,5098,62413,251,2635375,2240273,912025,26711,76792,132475,221052,112992,83769,9485,0.94494298,0.0145610575,0.0404959625,668787,348647,113974,299923
525,13922,264595,560,16,13627,279,1389920,809085,654766,8663,19194,28367,49603,53425,75020,25124,0.1847792564,0.1383136209,0.6769071227,264157,113859,7944,66765
526,10965,219096,561,14,10810,141,1064570,700177,495722,8697,18430,27970,48139,45876,51064,15426,0.2118162169,0.0992059443,0.6889778388,218714,100871,8863,63156
527,22086,382700,562,87,21389,610,1847023,1301664,784833,12363,32050,52869,92142,78024,79875,24731,0.5700543469,0.0350056712,0.3949399818,382074,173392,17415,141506
528,14469,324530,563,75,14216,178,1437169,1081906,608526,15950,30374,48618,84244,65078,61437,14211,0.5934225662,0.0229625647,0.3836148691,323673,145097,20222,129878
529,10988,330414,564,7,10791,190,1597668,1085443,730066,10102,25544,42726,80865,71675,75502,19042,0.3730765449,0.0270820019,0.5998414532,329901,141009,10274,103379
530,14565,357003,566,178,14318,69,1659456,1087392,856587,11497,29092,48344,91516,73781,81805,18108,0.3025388049,0.0242077353,0.6732534598,356378,167628,11534,89939
531,22239,410176,567,99,21876,264,1945497,1308540,875207,10904,31291,54589,109193,85525,89741,23597,0.4644946152,0.0288237328,0.506681652,409200,179695,15660,137379
532,22265,406816,568,97,21819,349,1752753,1263016,780598,14967,37377,65181,124966,79412,67079,13157,0.7115176593,0.0203362519,0.2681460888,405831,164937,15742,156833
533,23234,253078,569,30,23015,189,1177361,926429,513241,11115,23243,34943,58352,42808,53755,22097,0.872093637,0.0052778375,0.1226285255,252543,154293,22586,85545
534,13882,276085,570,64,13679,139,1137961,818345,565774,11977,28314,48104,84585,49655,42270,7268,0.6149360884,0.0105447638,0.3745191477,275443,121937,9153,91534
535,395769,2393845,572,5136,386260,4372,9621551,7512276,4246927,106098,314411,507145,711895,370868,310842,55797,0.9484837547,0.0155911346,0.0359251107,2381952,717936,100593,1082686
536,19613,428625,573,54,19409,150,1805769,1149649,871408,18494,41173,72440,131996,77223,72273,12979,0.3746512947,0.0132144649,0.6121342404,427997,214101,19471,141850
537,28358,433453,574,83,27881,394,1776421,1225256,903580,19258,43577,74226,139331,76855,67234,8811,0.3988241104,0.0193970538,0.5817788359,432829,209543,19893,130678
538,33479,439733,575,242,32500,735,2089649,1666323,997721,14240,36967,65931,109915,79757,87861,30620,0.9265867371,0.0044393133,0.0689739496,438585,205577,22799,126299
539,5922,142716,576,82,5768,72,554519,412877,278938,8568,19579,25415,40686,23779,17490,2786,0.8143424221,0.0102022371,0.1754553408,142353,57639,5203,47919
540,53097,700968,577,223,51852,1022,3001127,1962180,1314268,27738,67567,118632,215723,122853,113521,22388,0.5498124697,0.0133304862,0.4368570441,699168,301434,34130,279666
541,6888,244874,578,30,6728,119,1020791,565279,481693,12355,27336,41687,71093,44271,40877,6579,0.2346251812,0.0202172008,0.745157618,244502,117595,11576,85667
542,10646,202063,580,20,10565,61,1174271,510003,547696,6101,12279,17439,29090,36466,71470,27579,0.1123767613,0.0718227358,0.8158005029,201699,92211,6414,44789
543,9957,333348,581,88,9692,177,1536401,1016219,717872,12543,29989,46381,88678,65473,72881,15045,0.4280340796,0.0431584036,0.5288075168,332780,154673,14482,107158
544,13439,284698,582,111,13210,117,1255104,783222,639778,12476,28578,43299,79878,52927,55018,10135,0.3646935472,0.0249795438,0.610326909,284151,132275,10809,75355
545,18564,229279,583,154,18254,156,990923,688749,459891,9652,23267,37517,67485,39122,39473,8229,0.7990789562,0.0132550224,0.1876660215,228876,101026,9226,83184
546,7406,260533,584,13,7316,77,1082636,674758,531459,14046,27622,44136,77262,45227,44367,7134,0.4191436292,0.0176793921,0.5631769787,260141,132512,13613,83693
547,2668,191766,585,1639,964,65,818008,663060,327658,9322,19791,33201,48962,31899,28595,7315,0.7869112433,0.0258703967,0.18721836,191139,93235,18549,87046
548,3511,151845,586,1978,1407,126,640537,502427,249590,7659,16552,26670,38349,25654,23123,5721,0.8099604809,0.054540521,0.1354989981,151298,69016,17988,69536
549,30,11574,587,30,0,0,64473,52553,18753,651,670,965,1570,1461,3068,2318,0.9779501074,0.0038307017,0.0182191909,11541,5267,1712,5145
550,25513,273410,588,1661,23755,92,1307375,1037492,462998,8292,22720,39574,68195,49989,58340,20652,0.9177814626,0.0113608354,0.070857702,273065,127481,35307,104783
551,44246,554298,589,3161,40833,237,2523003,2138434,824116,19717,54436,87111,149708,93855,101710,36672,0.9764860302,0.0059608733,0.0175530965,553390,314880,92484,226786
552,20881,190894,590,3349,17468,63,817420,645585,340077,6132,17127,29933,57494,37678,32026,5013,0.9178384384,0.0156254214,0.0665361402,190411,77476,10675,74206
553,97506,697710,591,6178,90950,358,3086293,2615443,948981,20408,63700,114136,198560,131865,122779,32377,0.9780894235,0.00714949,0.0147610865,696825,359924,117569,320093
554,100232,793999,592,4361,95485,374,4112920,3311315,1062424,19178,49957,92845,169215,163389,200802,79209,0.9735074458,0.0076982165,0.0187943377,793367,341411,151381,367095
555,52409,637220,593,4937,47309,155,2809934,2239492,1042340,27077,62135,98388,174911,121324,112468,31984,0.8979049383,0.0080313615,0.0940637002,636623,332680,74815,254098
556,82656,759210,594,4928,77353,365,3121200,2678548,1095727,28012,86762,138655,228326,132323,107091,22661,0.9784802979,0.0067475095,0.0147721926,757755,424481,117367,323840
557,98813,814011,595,10722,87707,362,3282388,2855676,1249343,23843,85162,149988,270983,147414,103994,10353,0.9785358017,0.0084358821,0.0130283162,811941,445901,69832,383242
558,20773,279812,596,5166,15573,29,1108974,923010,516363,10608,32718,47205,90960,53993,38760,2732,0.8913335451,0.0151312749,0.0935351799,279082,127133,11127,99272
559,61384,487296,597,6656,54548,174,1974551,1749798,735735,15538,54557,84509,150425,95420,74003,6001,0.9660133249,0.0083025811,0.025684094,485783,306915,50435,222429
560,64168,535958,598,3587,60277,283,2127789,1852797,804471,20266,60721,102594,168549,97172,70844,8129,0.929317117,0.0169911504,0.0536917325,535289,321207,81241,209584
561,39420,322684,599,6609,32728,76,1197412,1062553,392794,17097,48061,64735,94390,54193,38215,3277,0.9391064106,0.0129669217,0.0479266677,322247,212529,72664,144056
562,127006,1024928,342,1308,122650,3048,4496694,3588137,1795740,50120,121054,227976,224157,138816,158092,43968,0.949320824,0.043416032,0.007263144,1019615,526042,79340,473651
563,88415,837877,601,3274,84358,706,3301427,2785408,1231669,41529,99737,156362,271600,140853,103948,14745,0.9421398355,0.015604978,0.0422551866,836711,428135,117262,367937
564,43312,946949,602,214,42411,687,3728104,2791721,1538054,32054,118838,185181,321799,164709,103687,12554,0.6785002908,0.0222044221,0.2992952871,941756,312683,46973,473523
565,229537,1154982,603,1870,223594,4073,4646732,3776276,1817297,30582,139139,237897,377533,182588,122912,15916,0.9559312721,0.038146809,0.0059219189,1145851,452819,68668,606703
566,29101,1006245,604,127,28536,438,3998252,3013382,1673814,37098,128984,196143,325921,179266,115195,11202,0.6552969434,0.0194473988,0.3252556578,999095,362204,54719,476973
567,20608,929281,605,165,20097,346,3936331,2773928,1689330,36290,101364,149485,267798,198632,159413,14336,0.4110574797,0.0240392185,0.5649033018,927683,376541,55057,362571
568,19311,588836,606,38,18990,283,2464875,1626813,1238177,27323,68693,90489,165526,126599,105226,9408,0.2278277462,0.0139516303,0.7582206235,588045,258641,32408,157937
569,15126,800368,607,41,14974,111,3458873,2195776,1703249,27779,86811,120940,222320,175528,154822,16143,0.2111052126,0.0164929638,0.7724018236,798610,331816,34107,221230
570,32221,915967,608,185,31571,465,3482056,2285562,1694160,54960,141704,176298,277832,157811,104034,6260,0.3495193705,0.1116890975,0.538791532,915266,377827,47021,328971
571,11501,475511,609,91,11300,110,1726601,1176131,898245,36901,87385,100172,146278,67297,38032,1692,0.4069369994,0.1545681173,0.4384948834,474578,216391,28732,143531
572,14142,658071,610,147,13847,148,2251744,1492662,1195773,55751,124130,152415,203567,78045,42331,2495,0.4901022264,0.0910974688,0.4188003048,657312,290055,40082,222349
573,11144,560773,612,55,10891,198,2159775,1481834,1105155,30279,83532,107295,172444,95903,68502,5217,0.3328414765,0.080083882,0.5870746415,559772,235693,27834,177050
574,5356,287095,613,57,5249,50,1064493,727044,543298,21751,45727,57883,82916,44314,32276,2981,0.4123982102,0.0552583308,0.532343459,286771,131788,15415,98210
575,14539,698404,614,109,14251,179,2722290,2038981,1213979,43903,98241,132507,205632,123698,89376,7495,0.4852065771,0.0833514066,0.4314420163,697037,300810,49234,285582
576,2260,149243,615,1,2238,21,565223,375823,299726,11089,24583,28566,41020,26160,16991,992,0.2217856641,0.0434267508,0.7347875851,148979,61992,9136,37916
577,4666,197090,616,7,4610,49,754894,480604,359851,12986,30209,35012,52855,37933,27758,1353,0.1813826941,0.0180963726,0.8005209332,196952,87848,14534,64814
578,24865,635578,617,46,24535,284,2605914,1815281,1169880,25226,75857,107152,192059,131975,97658,7495,0.3608347374,0.020960996,0.6182042666,633541,240231,30030,243571
579,8349,413837,618,53,8164,132,1616450,1213008,671994,23473,57264,75810,118314,79246,54186,4363,0.3954480245,0.0262955101,0.5782564654,413202,169305,34020,180807
580,11101,327219,619,55,10937,109,1264277,946471,540168,18370,44333,59777,99402,63701,39566,2822,0.3970808395,0.0347530727,0.5681660879,326808,132849,24067,142074
581,17582,605363,620,171,17168,243,2405890,1790998,974079,31686,77638,111423,180123,114151,82659,7394,0.4505614189,0.0407421241,0.508696457,604301,258410,49590,275654
582,11516,387679,621,38,11322,156,1618345,1110545,761693,17015,42319,60971,109856,85132,68484,6851,0.2796701721,0.0228657444,0.6974640835,387172,164020,22285,128312
583,6620,338938,622,33,6461,126,1339101,959744,620171,19607,44563,60028,101019,65203,46184,5356,0.4069861972,0.0365627559,0.5564510469,338333,151612,24853,123410
584,20849,794887,623,112,20281,456,3038252,2273430,1354632,40659,113256,154348,258941,139168,83006,8561,0.591800877,0.0533110927,0.3548880303,793683,303773,49083,340965
585,17032,338112,624,53,16774,205,1245899,870080,591642,22306,53484,67104,110055,53074,32434,2508,0.3934920006,0.2050797003,0.4014282991,337714,133638,22746,126784
586,16522,537748,625,53,16238,231,1942288,1398788,950158,44466,89433,103255,165669,87049,46868,3392,0.3092225604,0.1663926596,0.52438478,537216,200070,38237,192581
587,6393,323905,626,25,6231,137,1353445,978946,602977,12698,37331,53869,93892,67432,56029,7704,0.3662324634,0.0334665836,0.600300953,323152,132321,19279,123322
588,16221,462010,627,43,16037,141,1750176,1349697,748095,37529,69621,81999,129205,81845,59135,4990,0.4997846331,0.0393669076,0.4608484593,461541,198760,41185,203711
589,15507,815528,628,87,15208,212,3077233,2273457,1436454,62258,121617,145882,237453,147790,96746,8581,0.4763941696,0.0924228996,0.4311829307,814258,348316,71722,275258
590,16685,483539,629,101,16327,257,1870374,1548738,679620,22630,54799,85208,172003,91353,57448,5760,0.8745955139,0.0541086384,0.0712958477,482502,226824,52733,258552
591,6543,375873,630,33,6456,54,1506843,917709,751170,18542,49127,61578,114633,76730,56310,4004,0.1900694102,0.0195760834,0.7903545064,375451,140466,19014,103059
592,8018,448053,631,56,7845,117,1879809,1187958,877779,17909,48218,74424,136655,88759,76103,7994,0.3301922846,0.0272984611,0.6425092543,447530,161672,21392,154918
593,53804,958035,632,530,52610,664,3458045,2635907,1567950,46603,155662,230417,314321,123574,69356,6010,0.6668573054,0.1114834615,0.2216592332,955728,390005,58392,432348
594,17607,712210,633,186,17201,220,2479052,1760566,1266137,43625,128625,169098,227074,85523,43837,2924,0.5716991149,0.0741138223,0.3541870628,710730,264525,36450,279100
595,2113,13812,634,8,2060,45,55626,39274,16760,311,1568,2401,4851,2569,1521,87,0.8186804929,0.0138262699,0.1674932372,13803,4488,1183,9378
596,30833,231513,635,193,30115,525,950289,726649,348105,7839,25318,42496,77782,42325,31143,3800,0.6846855047,0.0491757801,0.2661387151,231209,90889,16299,122140
597,1942,7420,636,71,1862,9,41816,36470,11802,185,402,821,1655,1083,1709,1342,0.9783243018,0.0152841462,0.006391552,7403,5015,1239,2891
598,3849,49705,637,24,3761,64,200222,154916,68301,2894,5828,9084,15087,9435,6876,864,0.6056962531,0.0326555884,0.3616481585,49642,19327,5141,27633
599,0,9288,638,0,0,0,36842,25332,17125,960,1442,1954,2326,1499,1443,335,0.8088161462,0.0081333467,0.1830505071,9214,2648,951,4245
600,1,26199,639,0,1,0,105597,78683,38579,2124,2847,4593,7087,4587,4324,765,0.4825464352,0.0094199871,0.5080335777,26141,8998,1610,14891
601,51,59064,640,19,32,0,238142,190266,96831,3697,6292,10821,17063,9661,7706,1850,0.7828166054,0.0342616921,0.1829217026,58798,13714,2704,32753